"0","all_annotations <- getAnnotation(mset_filtered)"
"0","head(all_annotations)"
"1","DataFrame"
"1",""
"1"," with "
"1",""
"1","6"
"1",""
"1"," row"
"1",""
"1","s"
"1",""
"1"," and "
"1",""
"1","33"
"1",""
"1"," column"
"1",""
"1","s"
"1",""
"1","
"
"1","          "
"1","         chr"
"1","       pos"
"1","      strand"
"1","        Name"
"1","    AddressA"
"1","    AddressB"
"1","
          "
"1"," <character>"
"1"," <integer>"
"1"," <character>"
"1"," <character>"
"1"," <character>"
"1"," <character>"
"1","
cg13869341"
"1","        chr1"
"1","     15865"
"1","           +"
"1","  cg13869341"
"1","    62703328"
"1","    16661461"
"1","
cg14008030"
"1","        chr1"
"1","     18827"
"1","           +"
"1","  cg14008030"
"1","    27651330"
"1","            "
"1","
cg12045430"
"1","        chr1"
"1","     29407"
"1","           +"
"1","  cg12045430"
"1","    25703424"
"1","    34666387"
"1","
cg20826792"
"1","        chr1"
"1","     29425"
"1","           +"
"1","  cg20826792"
"1","    61731400"
"1","    14693326"
"1","
cg00381604"
"1","        chr1"
"1","     29435"
"1","           +"
"1","  cg00381604"
"1","    26752380"
"1","    50693408"
"1","
cg20253340"
"1","        chr1"
"1","     68849"
"1","           +"
"1","  cg20253340"
"1","    49752305"
"1","            "
"1","
"
"1","          "
"1","              ProbeSeqA"
"1","              ProbeSeqB"
"1","        Type"
"1","    NextBase"
"1","       Color"
"1","
          "
"1","            <character>"
"1","            <character>"
"1"," <character>"
"1"," <character>"
"1"," <character>"
"1","
cg13869341"
"1"," CCAATAACTAACCACTCTAC.."
"1"," CCGATAACTAACCACTCTAC.."
"1","           I"
"1","           A"
"1","         Red"
"1","
cg14008030"
"1"," ACTCRAAATTTACTCAATAA.."
"1","                       "
"1","          II"
"1","            "
"1","            "
"1","
cg12045430"
"1"," AAAAAAAACACAATAAAAAA.."
"1"," GAAAAAAACGCAATAAAAAA.."
"1","           I"
"1","           A"
"1","         Red"
"1","
cg20826792"
"1"," AATCCTAAAACCACACTCAA.."
"1"," AATCCTAAAACCGCGCTCGA.."
"1","           I"
"1","           T"
"1","         Red"
"1","
cg00381604"
"1"," AAATCAACAAAATCCTAAAA.."
"1"," GAATCGACGAAATCCTAAAA.."
"1","           I"
"1","           A"
"1","         Red"
"1","
cg20253340"
"1"," ATTCTATCTCRCACTACTTC.."
"1","                       "
"1","          II"
"1","            "
"1","            "
"1","
"
"1","          "
"1","    Probe_rs"
"1"," Probe_maf"
"1","      CpG_rs"
"1","   CpG_maf"
"1","      SBE_rs"
"1","   SBE_maf"
"1","     Islands_Name"
"1","
          "
"1"," <character>"
"1"," <numeric>"
"1"," <character>"
"1"," <numeric>"
"1"," <character>"
"1"," <numeric>"
"1","      <character>"
"1","
cg13869341"
"1","          NA"
"1","        NA"
"1","          NA"
"1","        NA"
"1","          NA"
"1","        NA"
"1","                 "
"1","
cg14008030"
"1","          NA"
"1","        NA"
"1","          NA"
"1","        NA"
"1","          NA"
"1","        NA"
"1","                 "
"1","
cg12045430"
"1","          NA"
"1","        NA"
"1","          NA"
"1","        NA"
"1","          NA"
"1","        NA"
"1"," chr1:28735-29810"
"1","
cg20826792"
"1","          NA"
"1","        NA"
"1","          NA"
"1","        NA"
"1","          NA"
"1","        NA"
"1"," chr1:28735-29810"
"1","
cg00381604"
"1","          NA"
"1","        NA"
"1","          NA"
"1","        NA"
"1","          NA"
"1","        NA"
"1"," chr1:28735-29810"
"1","
cg20253340"
"1","          NA"
"1","        NA"
"1","          NA"
"1","        NA"
"1","          NA"
"1","        NA"
"1","                 "
"1","
"
"1","          "
"1"," Relation_to_Island"
"1","       Forward_Sequence"
"1","              SourceSeq"
"1"," Random_Loci"
"1"," Methyl27_Loci"
"1","
          "
"1","        <character>"
"1","            <character>"
"1","            <character>"
"1"," <character>"
"1","   <character>"
"1","
cg13869341"
"1","            OpenSea"
"1"," GCTCCTTCTGCTGCTGCTTC.."
"1"," CCGGTGGCTGGCCACTCTGC.."
"1","            "
"1","              "
"1","
cg14008030"
"1","            OpenSea"
"1"," ACGGAGACCGGAGGCTGAGA.."
"1"," CGGGGAACTGCCCCTGCACA.."
"1","            "
"1","              "
"1","
cg12045430"
"1","             Island"
"1"," CGCCGCCGCTTCCGCTCTGC.."
"1"," GGGGAGGGCGCAGTGGAGGG.."
"1","            "
"1","              "
"1","
cg20826792"
"1","             Island"
"1"," GCCGGAGCCGCTGGGTCCTA.."
"1"," CGCCGCCGCTCGCCCTCCAC.."
"1","            "
"1","              "
"1","
cg00381604"
"1","             Island"
"1"," CTGGGTCCTAGCCCCGCCGC.."
"1"," CGCCCTCCACTGCGCCCTCC.."
"1","            "
"1","              "
"1","
cg20253340"
"1","            OpenSea"
"1"," CATAAATAATGGTATTTTAT.."
"1"," TTCTATCTCGCACTACTTCC.."
"1","            "
"1","              "
"1","
"
"1","          "
"1"," UCSC_RefGene_Name"
"1"," UCSC_RefGene_Accession"
"1"," UCSC_RefGene_Group"
"1","     Phantom"
"1","         DMR"
"1","
          "
"1","       <character>"
"1","            <character>"
"1","        <character>"
"1"," <character>"
"1"," <character>"
"1","
cg13869341"
"1","            WASH5P"
"1","              NR_024540"
"1","               Body"
"1","            "
"1","            "
"1","
cg14008030"
"1","            WASH5P"
"1","              NR_024540"
"1","               Body"
"1","            "
"1","            "
"1","
cg12045430"
"1","            WASH5P"
"1","              NR_024540"
"1","             TSS200"
"1","            "
"1","            "
"1","
cg20826792"
"1","            WASH5P"
"1","              NR_024540"
"1","             TSS200"
"1","            "
"1","            "
"1","
cg00381604"
"1","            WASH5P"
"1","              NR_024540"
"1","             TSS200"
"1","            "
"1","            "
"1","
cg20253340"
"1","             OR4F5"
"1","           NM_001005484"
"1","            TSS1500"
"1","            "
"1","            "
"1","
"
"1","          "
"1","    Enhancer"
"1","    HMM_Island"
"1"," Regulatory_Feature_Name"
"1"," Regulatory_Feature_Group"
"1","         DHS"
"1","
          "
"1"," <character>"
"1","   <character>"
"1","             <character>"
"1","              <character>"
"1"," <character>"
"1","
cg13869341"
"1","            "
"1","              "
"1","                        "
"1","                         "
"1","            "
"1","
cg14008030"
"1","            "
"1","              "
"1","                        "
"1","                         "
"1","            "
"1","
cg12045430"
"1","            "
"1"," 1:18599-19663"
"1","                        "
"1","                         "
"1","            "
"1","
cg20826792"
"1","            "
"1"," 1:18599-19663"
"1","                        "
"1","                         "
"1","            "
"1","
cg00381604"
"1","            "
"1"," 1:18599-19663"
"1","                        "
"1","                         "
"1","            "
"1","
cg20253340"
"1","            "
"1","              "
"1","                        "
"1","                         "
"1","            "
"1","
"
