"0","mvalues <- getM(mset_filtered)"
"0","print(mvalues)"
"1","                "
"1"," GSM1588341_9376525055_R04C02"
"1"," GSM1588342_9376525055_R03C02"
"1","
cg13869341      "
"1","                 2.554179e+00"
"1","                 3.0227086869"
"1","
cg14008030      "
"1","                 2.004523e+00"
"1","                 1.0999316331"
"1","
cg12045430      "
"1","                -1.643910e+00"
"1","                -1.7297552850"
"1","
cg20826792      "
"1","                -8.366772e-01"
"1","                -0.9218143407"
"1","
cg00381604      "
"1","                -2.829094e+00"
"1","                -2.6310734678"
"1","
cg20253340      "
"1","                 1.153499e+00"
"1","                 1.6392876058"
"1","
cg21870274      "
"1","                 1.719915e+00"
"1","                 1.4870773193"
"1","
cg03130891      "
"1","                -2.626783e+00"
"1","                -3.1036123547"
"1","
cg24335620      "
"1","                 1.964032e+00"
"1","                 2.6246577244"
"1","
cg16162899      "
"1","                 2.611455e+00"
"1","                 2.9977540604"
"1","
cg17149495      "
"1","                 1.026686e+00"
"1","                 0.4906991742"
"1","
cg22802167      "
"1","                 2.973361e+00"
"1","                 3.7545607872"
"1","
cg24669183      "
"1","                 2.087850e+00"
"1","                 1.9502311299"
"1","
"
"1","                "
"1"," GSM1588343_9376525062_R02C02"
"1"," GSM1588344_9376525062_R03C01"
"1","
cg13869341      "
"1","                 2.8241214585"
"1","                 3.1136070877"
"1","
cg14008030      "
"1","                 0.9612954608"
"1","                 1.5923662039"
"1","
cg12045430      "
"1","                -2.1645272322"
"1","                -2.4431752558"
"1","
cg20826792      "
"1","                -1.0335608635"
"1","                -0.7162962572"
"1","
cg00381604      "
"1","                -2.9251956887"
"1","                -2.7604338747"
"1","
cg20253340      "
"1","                 1.1049028111"
"1","                 0.8674291925"
"1","
cg21870274      "
"1","                 1.6283905080"
"1","                 1.5912218569"
"1","
cg03130891      "
"1","                -3.1818663485"
"1","                -3.6765735746"
"1","
cg24335620      "
"1","                 2.7409977542"
"1","                 2.2053054268"
"1","
cg16162899      "
"1","                 3.0260344214"
"1","                 2.5452541606"
"1","
cg17149495      "
"1","                 1.1826432827"
"1","                 1.2113831730"
"1","
cg22802167      "
"1","                 2.9428477251"
"1","                 3.0486445056"
"1","
cg24669183      "
"1","                 2.1490012516"
"1","                 1.7606915218"
"1","
"
"1","                "
"1"," GSM1588345_9376525042_R05C02"
"1"," GSM1588346_9376525066_R06C02"
"1","
cg13869341      "
"1","                 3.073236e+00"
"1","                 3.0133512854"
"1","
cg14008030      "
"1","                 8.418784e-01"
"1","                 0.7677473967"
"1","
cg12045430      "
"1","                -2.417347e+00"
"1","                -2.4083396993"
"1","
cg20826792      "
"1","                -7.905844e-01"
"1","                -0.7649166287"
"1","
cg00381604      "
"1","                -2.755502e+00"
"1","                -2.7102319201"
"1","
cg20253340      "
"1","                 1.631733e+00"
"1","                 2.8264614232"
"1","
cg21870274      "
"1","                 2.083708e+00"
"1","                 2.5427787634"
"1","
cg03130891      "
"1","                -3.445921e+00"
"1","                -3.2464777143"
"1","
cg24335620      "
"1","                 2.395204e+00"
"1","                 1.9927012577"
"1","
cg16162899      "
"1","                 3.076009e+00"
"1","                 2.7808314795"
"1","
cg17149495      "
"1","                 1.445417e+00"
"1","                 0.4829727144"
"1","
cg22802167      "
"1","                 3.404802e+00"
"1","                 3.2675340567"
"1","
cg24669183      "
"1","                 2.295501e+00"
"1","                 2.2245648281"
"1","
"
"1","                "
"1"," GSM1588347_9376525055_R06C01"
"1"," GSM1588348_9376525001_R04C01"
"1","
cg13869341      "
"1","                 2.4156342844"
"1","                 2.5132168044"
"1","
cg14008030      "
"1","                 1.5820985612"
"1","                 1.9183655699"
"1","
cg12045430      "
"1","                -2.1126570722"
"1","                -2.4536531232"
"1","
cg20826792      "
"1","                -0.5693902825"
"1","                -0.7661374458"
"1","
cg00381604      "
"1","                -2.7430766102"
"1","                -3.0693529555"
"1","
cg20253340      "
"1","                 0.5555697585"
"1","                 1.1421431707"
"1","
cg21870274      "
"1","                 1.4048240036"
"1","                 1.0422172991"
"1","
cg03130891      "
"1","                -2.4728080314"
"1","                -2.8675337956"
"1","
cg24335620      "
"1","                 1.8956774908"
"1","                 2.6116616605"
"1","
cg16162899      "
"1","                 2.8587403083"
"1","                 3.2002362211"
"1","
cg17149495      "
"1","                 1.4581002414"
"1","                 0.7948031939"
"1","
cg22802167      "
"1","                 3.2096437463"
"1","                 2.8314231996"
"1","
cg24669183      "
"1","                 1.9389408225"
"1","                 1.9042498352"
"1","
"
"1","                "
"1"," GSM1588349_9376525042_R02C01"
"1"," GSM1588350_9376525001_R06C02"
"1","
cg13869341      "
"1","                 2.1250100785"
"1","                 3.3587398425"
"1","
cg14008030      "
"1","                 1.4236396168"
"1","                 1.8652981290"
"1","
cg12045430      "
"1","                -2.0271559817"
"1","                -2.4418333579"
"1","
cg20826792      "
"1","                -0.6778832888"
"1","                -0.9905887239"
"1","
cg00381604      "
"1","                -2.8624458189"
"1","                -3.3151302046"
"1","
cg20253340      "
"1","                 0.8951897862"
"1","                 0.7163200039"
"1","
cg21870274      "
"1","                 1.3638877295"
"1","                 1.6704824540"
"1","
cg03130891      "
"1","                -3.4582234325"
"1","                -3.0284576797"
"1","
cg24335620      "
"1","                 2.7073304893"
"1","                 2.1506704444"
"1","
cg16162899      "
"1","                 3.2335227363"
"1","                 3.3696991201"
"1","
cg17149495      "
"1","                 1.4589144927"
"1","                 0.6994095895"
"1","
cg22802167      "
"1","                 3.2435184729"
"1","                 3.5685780326"
"1","
cg24669183      "
"1","                 1.9481275511"
"1","                 1.9049761680"
"1","
"
"1","                "
"1"," GSM1588351_9376525042_R02C02"
"1"," GSM1588352_9376525066_R05C02"
"1","
cg13869341      "
"1","                 2.172751e+00"
"1","                 2.776826e+00"
"1","
cg14008030      "
"1","                 1.743955e+00"
"1","                 1.170632e+00"
"1","
cg12045430      "
"1","                -2.080130e+00"
"1","                -2.465071e+00"
"1","
cg20826792      "
"1","                -7.614963e-01"
"1","                -1.097341e+00"
"1","
cg00381604      "
"1","                -2.455988e+00"
"1","                -2.963963e+00"
"1","
cg20253340      "
"1","                 8.855594e-01"
"1","                 1.447159e+00"
"1","
cg21870274      "
"1","                 1.515991e+00"
"1","                 1.309682e+00"
"1","
cg03130891      "
"1","                -3.192481e+00"
"1","                -3.365181e+00"
"1","
cg24335620      "
"1","                 2.234661e+00"
"1","                 2.413613e+00"
"1","
cg16162899      "
"1","                 3.084357e+00"
"1","                 3.051855e+00"
"1","
cg17149495      "
"1","                 1.496643e+00"
"1","                 9.528721e-01"
"1","
cg22802167      "
"1","                 3.252159e+00"
"1","                 2.933286e+00"
"1","
cg24669183      "
"1","                 2.030144e+00"
"1","                 2.137569e+00"
"1","
"
"1","                "
"1"," GSM1588353_9376525062_R04C01"
"1"," GSM1588354_9376525062_R06C02"
"1","
cg13869341      "
"1","                 2.869705e+00"
"1","                 2.8840541809"
"1","
cg14008030      "
"1","                 9.650104e-01"
"1","                 1.3586810878"
"1","
cg12045430      "
"1","                -2.416574e+00"
"1","                -2.3081653757"
"1","
cg20826792      "
"1","                -7.030750e-01"
"1","                -0.8482928744"
"1","
cg00381604      "
"1","                -2.844983e+00"
"1","                -2.8967254136"
"1","
cg20253340      "
"1","                 9.067667e-01"
"1","                 0.9779645390"
"1","
cg21870274      "
"1","                 1.612142e+00"
"1","                 1.4920507393"
"1","
cg03130891      "
"1","                -3.689340e+00"
"1","                -3.5148014293"
"1","
cg24335620      "
"1","                 2.578405e+00"
"1","                 2.6089850013"
"1","
cg16162899      "
"1","                 2.989538e+00"
"1","                 3.0433085116"
"1","
cg17149495      "
"1","                 2.919446e-01"
"1","                 0.7371772727"
"1","
cg22802167      "
"1","                 3.201657e+00"
"1","                 3.1453427209"
"1","
cg24669183      "
"1","                 2.360468e+00"
"1","                 2.2669242090"
"1","
"
"1","                "
"1"," GSM1588355_9376525049_R04C02"
"1"," GSM1588356_9376525042_R03C02"
"1","
cg13869341      "
"1","                 2.471628e+00"
"1","                 3.004364e+00"
"1","
cg14008030      "
"1","                 1.014013e+00"
"1","                 1.666682e+00"
"1","
cg12045430      "
"1","                -2.271395e+00"
"1","                -1.952400e+00"
"1","
cg20826792      "
"1","                -6.670766e-01"
"1","                -7.867240e-01"
"1","
cg00381604      "
"1","                -2.769526e+00"
"1","                -3.132500e+00"
"1","
cg20253340      "
"1","                 1.052477e+00"
"1","                 1.021369e+00"
"1","
cg21870274      "
"1","                 1.555158e+00"
"1","                 1.286670e+00"
"1","
cg03130891      "
"1","                -3.324284e+00"
"1","                -3.190353e+00"
"1","
cg24335620      "
"1","                 2.062451e+00"
"1","                 2.268877e+00"
"1","
cg16162899      "
"1","                 3.079678e+00"
"1","                 3.316999e+00"
"1","
cg17149495      "
"1","                 7.622992e-01"
"1","                 1.081273e+00"
"1","
cg22802167      "
"1","                 3.300277e+00"
"1","                 3.094363e+00"
"1","
cg24669183      "
"1","                 1.928532e+00"
"1","                 1.574686e+00"
"1","
"
"1","                "
"1"," GSM1588357_9376525049_R06C01"
"1"," GSM1588358_9376525055_R06C02"
"1","
cg13869341      "
"1","                 2.6141775954"
"1","                 2.6181950679"
"1","
cg14008030      "
"1","                 0.6251697774"
"1","                 2.0904815197"
"1","
cg12045430      "
"1","                -2.1507755958"
"1","                -2.4464899546"
"1","
cg20826792      "
"1","                -1.0142651169"
"1","                -1.1044700195"
"1","
cg00381604      "
"1","                -2.5459924309"
"1","                -2.8262795219"
"1","
cg20253340      "
"1","                 2.1708952819"
"1","                 1.9229916255"
"1","
cg21870274      "
"1","                 2.2293955554"
"1","                 2.1942688204"
"1","
cg03130891      "
"1","                -3.9123280127"
"1","                -2.4536575973"
"1","
cg24335620      "
"1","                 2.2491026288"
"1","                 2.0411532733"
"1","
cg16162899      "
"1","                 3.0737282349"
"1","                 2.4827956117"
"1","
cg17149495      "
"1","                 1.2428292855"
"1","                 0.7828603601"
"1","
cg22802167      "
"1","                 3.6067226874"
"1","                 2.9760691607"
"1","
cg24669183      "
"1","                 2.4995853835"
"1","                 1.9185199783"
"1","
"
"1","                "
"1"," GSM1588359_9376525001_R06C01"
"1"," GSM1588360_9376525066_R01C01"
"1","
cg13869341      "
"1","                 2.6489159814"
"1","                 3.005664e+00"
"1","
cg14008030      "
"1","                 1.7606709499"
"1","                 7.930581e-01"
"1","
cg12045430      "
"1","                -2.4786989072"
"1","                -1.904180e+00"
"1","
cg20826792      "
"1","                -0.9708937483"
"1","                -6.739436e-01"
"1","
cg00381604      "
"1","                -2.9533120670"
"1","                -2.475085e+00"
"1","
cg20253340      "
"1","                 1.0241634370"
"1","                 1.270742e+00"
"1","
cg21870274      "
"1","                 1.3602858651"
"1","                 1.938037e+00"
"1","
cg03130891      "
"1","                -2.8592442506"
"1","                -2.889630e+00"
"1","
cg24335620      "
"1","                 2.8899904623"
"1","                 2.537693e+00"
"1","
cg16162899      "
"1","                 3.1533061449"
"1","                 2.902132e+00"
"1","
cg17149495      "
"1","                 0.6575349741"
"1","                 1.161589e+00"
"1","
cg22802167      "
"1","                 3.0013647109"
"1","                 3.339040e+00"
"1","
cg24669183      "
"1","                 2.0441006799"
"1","                 2.297371e+00"
"1","
"
"1","                "
"1"," GSM1588361_9376525042_R06C01"
"1"," GSM1588362_9376525001_R01C01"
"1","
cg13869341      "
"1","                 2.736474e+00"
"1","                 2.965611e+00"
"1","
cg14008030      "
"1","                 1.136017e+00"
"1","                 1.421403e+00"
"1","
cg12045430      "
"1","                -2.077339e+00"
"1","                -2.121406e+00"
"1","
cg20826792      "
"1","                -7.117488e-01"
"1","                -5.263371e-01"
"1","
cg00381604      "
"1","                -2.541038e+00"
"1","                -2.673164e+00"
"1","
cg20253340      "
"1","                 7.254315e-01"
"1","                 1.301259e+00"
"1","
cg21870274      "
"1","                 1.743236e+00"
"1","                 1.242327e+00"
"1","
cg03130891      "
"1","                -3.809252e+00"
"1","                -2.567240e+00"
"1","
cg24335620      "
"1","                 2.150218e+00"
"1","                 2.256352e+00"
"1","
cg16162899      "
"1","                 3.365329e+00"
"1","                 3.401837e+00"
"1","
cg17149495      "
"1","                 1.443564e+00"
"1","                 4.867362e-01"
"1","
cg22802167      "
"1","                 3.630609e+00"
"1","                 3.522588e+00"
"1","
cg24669183      "
"1","                 2.472123e+00"
"1","                 1.734399e+00"
"1","
"
"1","                "
"1"," GSM1588363_9376525001_R05C01"
"1"," GSM1588364_9376525066_R02C01"
"1","
cg13869341      "
"1","                 2.644513e+00"
"1","                 2.924664e+00"
"1","
cg14008030      "
"1","                 1.375072e+00"
"1","                 1.481078e+00"
"1","
cg12045430      "
"1","                -2.801143e+00"
"1","                -1.944134e+00"
"1","
cg20826792      "
"1","                -1.078017e+00"
"1","                -1.088102e+00"
"1","
cg00381604      "
"1","                -3.153616e+00"
"1","                -2.744125e+00"
"1","
cg20253340      "
"1","                 9.633082e-01"
"1","                 1.680602e+00"
"1","
cg21870274      "
"1","                 1.193390e+00"
"1","                 1.545937e+00"
"1","
cg03130891      "
"1","                -3.508797e+00"
"1","                -3.523782e+00"
"1","
cg24335620      "
"1","                 2.497431e+00"
"1","                 2.278325e+00"
"1","
cg16162899      "
"1","                 2.944463e+00"
"1","                 3.151512e+00"
"1","
cg17149495      "
"1","                 1.205741e+00"
"1","                 1.027452e+00"
"1","
cg22802167      "
"1","                 2.984001e+00"
"1","                 3.384192e+00"
"1","
cg24669183      "
"1","                 1.827737e+00"
"1","                 2.287219e+00"
"1","
"
"1","                "
"1"," GSM1588365_9376525049_R03C01"
"1"," GSM1588366_9376525066_R04C02"
"1","
cg13869341      "
"1","                 2.534565e+00"
"1","                 2.616913e+00"
"1","
cg14008030      "
"1","                 1.280958e+00"
"1","                 8.366499e-01"
"1","
cg12045430      "
"1","                -2.535787e+00"
"1","                -1.981608e+00"
"1","
cg20826792      "
"1","                -7.077311e-01"
"1","                -9.768701e-01"
"1","
cg00381604      "
"1","                -2.752641e+00"
"1","                -2.762000e+00"
"1","
cg20253340      "
"1","                 1.960850e+00"
"1","                 1.519944e+00"
"1","
cg21870274      "
"1","                 1.429824e+00"
"1","                 1.610652e+00"
"1","
cg03130891      "
"1","                -3.174869e+00"
"1","                -2.607047e+00"
"1","
cg24335620      "
"1","                 1.861330e+00"
"1","                 2.187007e+00"
"1","
cg16162899      "
"1","                 2.830398e+00"
"1","                 3.099293e+00"
"1","
cg17149495      "
"1","                 5.508443e-01"
"1","                 1.173804e+00"
"1","
cg22802167      "
"1","                 3.498400e+00"
"1","                 2.789790e+00"
"1","
cg24669183      "
"1","                 1.885782e+00"
"1","                 1.474505e+00"
"1","
"
"1","                "
"1"," GSM1588367_9376525001_R03C02"
"1"," GSM1588368_9376525062_R04C02"
"1","
cg13869341      "
"1","                 2.143392e+00"
"1","                 2.4119254273"
"1","
cg14008030      "
"1","                 1.188277e+00"
"1","                 1.0099352934"
"1","
cg12045430      "
"1","                -2.394347e+00"
"1","                -2.3963404981"
"1","
cg20826792      "
"1","                -9.271064e-01"
"1","                -1.0598257145"
"1","
cg00381604      "
"1","                -2.700110e+00"
"1","                -2.9876479461"
"1","
cg20253340      "
"1","                 4.138884e-01"
"1","                 0.4973283468"
"1","
cg21870274      "
"1","                 1.209491e+00"
"1","                 1.3096384854"
"1","
cg03130891      "
"1","                -2.963316e+00"
"1","                -3.3095472427"
"1","
cg24335620      "
"1","                 1.942939e+00"
"1","                 2.5565437956"
"1","
cg16162899      "
"1","                 2.787271e+00"
"1","                 2.4491870600"
"1","
cg17149495      "
"1","                 1.281194e+00"
"1","                 2.1890193031"
"1","
cg22802167      "
"1","                 3.222954e+00"
"1","                 3.1608958892"
"1","
cg24669183      "
"1","                 2.210236e+00"
"1","                 1.5545703043"
"1","
"
"1","                "
"1"," GSM1588369_9376525055_R01C02"
"1"," GSM1588370_9376525066_R05C01"
"1","
cg13869341      "
"1","                 2.9712125898"
"1","                 2.369643e+00"
"1","
cg14008030      "
"1","                 2.0267040901"
"1","                 9.611032e-01"
"1","
cg12045430      "
"1","                -2.1043127288"
"1","                -2.269440e+00"
"1","
cg20826792      "
"1","                -0.9729352192"
"1","                -9.057799e-01"
"1","
cg00381604      "
"1","                -2.8873061993"
"1","                -2.792329e+00"
"1","
cg20253340      "
"1","                 1.0199108441"
"1","                 5.741145e-01"
"1","
cg21870274      "
"1","                 1.1653005462"
"1","                 1.808130e+00"
"1","
cg03130891      "
"1","                -3.6358669878"
"1","                -3.343188e+00"
"1","
cg24335620      "
"1","                 2.6180616074"
"1","                 2.214684e+00"
"1","
cg16162899      "
"1","                 3.2012582082"
"1","                 2.884410e+00"
"1","
cg17149495      "
"1","                 1.0969237848"
"1","                 2.106108e+00"
"1","
cg22802167      "
"1","                 3.4641009994"
"1","                 2.937740e+00"
"1","
cg24669183      "
"1","                 2.1324798467"
"1","                 2.401320e+00"
"1","
"
"1","                "
"1"," GSM1588371_9376525062_R05C02"
"1"," GSM1588372_9376525066_R04C01"
"1","
cg13869341      "
"1","                 2.5203391901"
"1","                 2.339816e+00"
"1","
cg14008030      "
"1","                 0.8930183747"
"1","                 1.327363e+00"
"1","
cg12045430      "
"1","                -2.2468945786"
"1","                -1.930554e+00"
"1","
cg20826792      "
"1","                -0.9782412434"
"1","                -9.438537e-01"
"1","
cg00381604      "
"1","                -2.4181880967"
"1","                -2.852615e+00"
"1","
cg20253340      "
"1","                 0.8724004080"
"1","                 1.729719e+00"
"1","
cg21870274      "
"1","                 1.6560367687"
"1","                 1.293147e+00"
"1","
cg03130891      "
"1","                -2.7711178858"
"1","                -3.776966e+00"
"1","
cg24335620      "
"1","                 2.3315109651"
"1","                 2.068014e+00"
"1","
cg16162899      "
"1","                 2.6747525433"
"1","                 2.795301e+00"
"1","
cg17149495      "
"1","                 1.3053628412"
"1","                 1.227485e+00"
"1","
cg22802167      "
"1","                 3.1681544117"
"1","                 2.899894e+00"
"1","
cg24669183      "
"1","                 1.7654199438"
"1","                 1.956613e+00"
"1","
"
"1","                "
"1"," GSM1588373_9376525066_R06C01"
"1"," GSM1588374_9376525049_R02C02"
"1","
cg13869341      "
"1","                 2.7269389507"
"1","                 2.5846033623"
"1","
cg14008030      "
"1","                 1.4054594057"
"1","                 1.2233066861"
"1","
cg12045430      "
"1","                -1.9711868835"
"1","                -1.6701344571"
"1","
cg20826792      "
"1","                -1.0329589872"
"1","                -0.6389932870"
"1","
cg00381604      "
"1","                -3.0633799032"
"1","                -2.5178842823"
"1","
cg20253340      "
"1","                 0.4028100456"
"1","                 0.5404758790"
"1","
cg21870274      "
"1","                 1.7753194021"
"1","                 1.4126766008"
"1","
cg03130891      "
"1","                -3.2482264247"
"1","                -2.9603412345"
"1","
cg24335620      "
"1","                 2.4360414400"
"1","                 2.6155289832"
"1","
cg16162899      "
"1","                 3.2139630855"
"1","                 2.8445049399"
"1","
cg17149495      "
"1","                 1.2048695941"
"1","                 1.0979341443"
"1","
cg22802167      "
"1","                 3.6222064303"
"1","                 4.0461230141"
"1","
cg24669183      "
"1","                 2.4938432631"
"1","                 2.1606230297"
"1","
"
"1","                "
"1"," GSM1588375_9376525066_R03C02"
"1"," GSM1588376_9376525049_R03C02"
"1","
cg13869341      "
"1","                 2.5295655733"
"1","                 2.1507517280"
"1","
cg14008030      "
"1","                 1.6907973536"
"1","                 1.5286136275"
"1","
cg12045430      "
"1","                -1.8981688798"
"1","                -2.0567324885"
"1","
cg20826792      "
"1","                -0.7312290464"
"1","                -0.8174423288"
"1","
cg00381604      "
"1","                -2.7853440077"
"1","                -2.6072017412"
"1","
cg20253340      "
"1","                 1.1037479248"
"1","                 0.8516070670"
"1","
cg21870274      "
"1","                 1.4945824704"
"1","                 1.4444470864"
"1","
cg03130891      "
"1","                -3.2964713654"
"1","                -4.0567914459"
"1","
cg24335620      "
"1","                 2.2782986706"
"1","                 2.2088243292"
"1","
cg16162899      "
"1","                 2.9320577002"
"1","                 3.3067668902"
"1","
cg17149495      "
"1","                 1.4565365354"
"1","                 0.6347155359"
"1","
cg22802167      "
"1","                 3.2566103147"
"1","                 3.7827209607"
"1","
cg24669183      "
"1","                 1.7958366081"
"1","                 2.0691477141"
"1","
"
"1","                "
"1"," GSM1588377_9376525049_R05C01"
"1"," GSM1588378_9376525066_R02C02"
"1","
cg13869341      "
"1","                 2.6878629668"
"1","                 2.4785967849"
"1","
cg14008030      "
"1","                 1.6759938577"
"1","                 1.1902996221"
"1","
cg12045430      "
"1","                -1.9166931059"
"1","                -2.0997004067"
"1","
cg20826792      "
"1","                -0.5486484830"
"1","                -1.2832966638"
"1","
cg00381604      "
"1","                -3.1815172080"
"1","                -2.7512092882"
"1","
cg20253340      "
"1","                 0.9712077334"
"1","                 0.2267012414"
"1","
cg21870274      "
"1","                 1.4436238350"
"1","                 1.5272052395"
"1","
cg03130891      "
"1","                -3.4879479556"
"1","                -2.9279223220"
"1","
cg24335620      "
"1","                 2.1942688204"
"1","                 2.0487544201"
"1","
cg16162899      "
"1","                 3.4964826274"
"1","                 3.1397678075"
"1","
cg17149495      "
"1","                 0.3371857123"
"1","                 1.4948923289"
"1","
cg22802167      "
"1","                 3.6064797516"
"1","                 2.9836808544"
"1","
cg24669183      "
"1","                 2.0336884771"
"1","                 2.3787636933"
"1","
"
"1","                "
"1"," GSM1588379_9376525055_R05C02"
"1"," GSM1588380_9376525055_R05C01"
"1","
cg13869341      "
"1","                 2.6459755646"
"1","                 2.4658687225"
"1","
cg14008030      "
"1","                 1.7522520601"
"1","                 1.6797769183"
"1","
cg12045430      "
"1","                -2.0191184883"
"1","                -1.9299215643"
"1","
cg20826792      "
"1","                -0.6802556437"
"1","                -0.9157446188"
"1","
cg00381604      "
"1","                -2.5251916904"
"1","                -2.8901507401"
"1","
cg20253340      "
"1","                 1.3473648172"
"1","                 0.9328734347"
"1","
cg21870274      "
"1","                 1.4049031221"
"1","                 1.2637616694"
"1","
cg03130891      "
"1","                -3.0153867334"
"1","                -3.0362201879"
"1","
cg24335620      "
"1","                 2.2564056674"
"1","                 2.3916827766"
"1","
cg16162899      "
"1","                 3.3868629927"
"1","                 2.7033506422"
"1","
cg17149495      "
"1","                 0.1224466233"
"1","                 1.6407656332"
"1","
cg22802167      "
"1","                 2.9216362108"
"1","                 3.0835443321"
"1","
cg24669183      "
"1","                 2.2762334046"
"1","                 1.4903256266"
"1","
"
"1","                "
"1"," GSM1588381_9376525001_R02C02"
"1"," GSM1588382_9376525062_R06C01"
"1","
cg13869341      "
"1","                 2.673734e+00"
"1","                 3.0817119317"
"1","
cg14008030      "
"1","                 1.573646e+00"
"1","                 0.9729197001"
"1","
cg12045430      "
"1","                -2.174306e+00"
"1","                -1.9074413477"
"1","
cg20826792      "
"1","                -1.056874e+00"
"1","                -0.8012761077"
"1","
cg00381604      "
"1","                -3.124499e+00"
"1","                -2.3271154296"
"1","
cg20253340      "
"1","                 1.553099e+00"
"1","                 2.0553455408"
"1","
cg21870274      "
"1","                 1.684677e+00"
"1","                 2.3736402119"
"1","
cg03130891      "
"1","                -2.819668e+00"
"1","                -2.3880553959"
"1","
cg24335620      "
"1","                 2.175945e+00"
"1","                 2.1285391680"
"1","
cg16162899      "
"1","                 3.082116e+00"
"1","                 3.1612285587"
"1","
cg17149495      "
"1","                 8.265920e-01"
"1","                 1.4875760468"
"1","
cg22802167      "
"1","                 3.331830e+00"
"1","                 3.3954755132"
"1","
cg24669183      "
"1","                 2.327970e+00"
"1","                 2.5073499032"
"1","
"
"1","                "
"1"," GSM1588383_9376525049_R05C02"
"1"," GSM1588384_9376525042_R04C02"
"1","
cg13869341      "
"1","                 2.1814756631"
"1","                 2.814743e+00"
"1","
cg14008030      "
"1","                 1.6012748459"
"1","                 1.273793e+00"
"1","
cg12045430      "
"1","                -2.2887980863"
"1","                -2.366425e+00"
"1","
cg20826792      "
"1","                -0.8697845536"
"1","                -4.459197e-01"
"1","
cg00381604      "
"1","                -2.6019066418"
"1","                -2.763319e+00"
"1","
cg20253340      "
"1","                 0.5045415841"
"1","                 2.740049e-01"
"1","
cg21870274      "
"1","                 1.1091275047"
"1","                 1.161323e+00"
"1","
cg03130891      "
"1","                -3.1622510736"
"1","                -3.682340e+00"
"1","
cg24335620      "
"1","                 2.1487205095"
"1","                 1.889324e+00"
"1","
cg16162899      "
"1","                 2.8486573300"
"1","                 3.157083e+00"
"1","
cg17149495      "
"1","                 1.1055372716"
"1","                 7.563121e-01"
"1","
cg22802167      "
"1","                 3.0939064776"
"1","                 3.472662e+00"
"1","
cg24669183      "
"1","                 2.0483461378"
"1","                 1.929309e+00"
"1","
"
"1","                "
"1"," GSM1588385_9376525049_R06C02"
"1"," GSM1588386_9376525001_R04C02"
"1","
cg13869341      "
"1","                 2.939193e+00"
"1","                 2.5454071058"
"1","
cg14008030      "
"1","                 1.325511e+00"
"1","                 1.3123979351"
"1","
cg12045430      "
"1","                -2.463232e+00"
"1","                -2.1628980740"
"1","
cg20826792      "
"1","                -6.716643e-01"
"1","                -0.6028952757"
"1","
cg00381604      "
"1","                -2.564738e+00"
"1","                -2.7186393324"
"1","
cg20253340      "
"1","                 1.631064e+00"
"1","                 0.5292034866"
"1","
cg21870274      "
"1","                 1.632367e+00"
"1","                 1.3114265892"
"1","
cg03130891      "
"1","                -3.512802e+00"
"1","                -3.4199215006"
"1","
cg24335620      "
"1","                 2.189284e+00"
"1","                 2.3487781584"
"1","
cg16162899      "
"1","                 3.325411e+00"
"1","                 3.2094098959"
"1","
cg17149495      "
"1","                 1.098288e+00"
"1","                 1.4105300797"
"1","
cg22802167      "
"1","                 3.632084e+00"
"1","                 3.5103069834"
"1","
cg24669183      "
"1","                 2.055271e+00"
"1","                 1.9761179541"
"1","
"
"1","                "
"1"," GSM1588387_9376525042_R03C01"
"1"," GSM1588388_9376525049_R02C01"
"1","
cg13869341      "
"1","                 2.925360e+00"
"1","                 2.5918224988"
"1","
cg14008030      "
"1","                 1.494418e+00"
"1","                 0.8960748387"
"1","
cg12045430      "
"1","                -2.185727e+00"
"1","                -2.1577698259"
"1","
cg20826792      "
"1","                -6.283551e-01"
"1","                -0.3785957577"
"1","
cg00381604      "
"1","                -2.853002e+00"
"1","                -2.7036412618"
"1","
cg20253340      "
"1","                 7.075874e-01"
"1","                 0.3700587254"
"1","
cg21870274      "
"1","                 1.315529e+00"
"1","                 1.3989660122"
"1","
cg03130891      "
"1","                -2.386741e+00"
"1","                -3.0415524894"
"1","
cg24335620      "
"1","                 2.509051e+00"
"1","                 2.1047313240"
"1","
cg16162899      "
"1","                 2.988181e+00"
"1","                 3.3641346550"
"1","
cg17149495      "
"1","                 1.637672e+00"
"1","                -0.3843988476"
"1","
cg22802167      "
"1","                 3.373044e+00"
"1","                 3.1985168311"
"1","
cg24669183      "
"1","                 1.847474e+00"
"1","                 2.0128240404"
"1","
"
"1","                "
"1"," GSM1588389_9376525055_R01C01"
"1"," GSM1588390_9376525066_R01C02"
"1","
cg13869341      "
"1","                 2.731841e+00"
"1","                 2.954249e+00"
"1","
cg14008030      "
"1","                 1.333731e+00"
"1","                 1.931251e+00"
"1","
cg12045430      "
"1","                -1.887442e+00"
"1","                -2.067431e+00"
"1","
cg20826792      "
"1","                -7.137281e-01"
"1","                -9.195667e-01"
"1","
cg00381604      "
"1","                -2.483655e+00"
"1","                -2.490595e+00"
"1","
cg20253340      "
"1","                 9.142883e-01"
"1","                 1.045873e+00"
"1","
cg21870274      "
"1","                 1.393654e+00"
"1","                 1.318429e+00"
"1","
cg03130891      "
"1","                -2.886550e+00"
"1","                -3.961311e+00"
"1","
cg24335620      "
"1","                 2.177510e+00"
"1","                 1.933320e+00"
"1","
cg16162899      "
"1","                 2.754936e+00"
"1","                 3.250551e+00"
"1","
cg17149495      "
"1","                 8.409553e-01"
"1","                 4.670597e-01"
"1","
cg22802167      "
"1","                 3.310159e+00"
"1","                 3.157053e+00"
"1","
cg24669183      "
"1","                 2.151488e+00"
"1","                 2.478773e+00"
"1","
"
"1","                "
"1"," GSM1588391_9376525055_R02C01"
"1"," GSM1588392_9376525001_R05C02"
"1","
cg13869341      "
"1","                 2.5203555254"
"1","                 2.661058e+00"
"1","
cg14008030      "
"1","                 1.3326987333"
"1","                 1.512606e+00"
"1","
cg12045430      "
"1","                -1.6758943602"
"1","                -2.537974e+00"
"1","
cg20826792      "
"1","                -0.6519456239"
"1","                -8.741266e-01"
"1","
cg00381604      "
"1","                -2.9306279405"
"1","                -3.206117e+00"
"1","
cg20253340      "
"1","                 0.1108953438"
"1","                 1.222616e+00"
"1","
cg21870274      "
"1","                 1.0679050411"
"1","                 1.405093e+00"
"1","
cg03130891      "
"1","                -3.5531362999"
"1","                -3.801043e+00"
"1","
cg24335620      "
"1","                 1.8898613754"
"1","                 1.960717e+00"
"1","
cg16162899      "
"1","                 2.8209747553"
"1","                 3.385185e+00"
"1","
cg17149495      "
"1","                 1.0592325632"
"1","                 1.071487e+00"
"1","
cg22802167      "
"1","                 3.2320436446"
"1","                 3.125967e+00"
"1","
cg24669183      "
"1","                 2.0683869750"
"1","                 1.989100e+00"
"1","
"
"1","                "
"1"," GSM1588393_9376525062_R05C01"
"1"," GSM1588394_9376525055_R03C01"
"1","
cg13869341      "
"1","                 3.0992016777"
"1","                 2.4195181124"
"1","
cg14008030      "
"1","                 1.7852678779"
"1","                 1.0238784947"
"1","
cg12045430      "
"1","                -1.8761086914"
"1","                -1.7976851288"
"1","
cg20826792      "
"1","                -0.5275933467"
"1","                -0.6932641339"
"1","
cg00381604      "
"1","                -2.9168475391"
"1","                -2.8571339703"
"1","
cg20253340      "
"1","                 1.1833088466"
"1","                 1.2513276919"
"1","
cg21870274      "
"1","                 1.3978332147"
"1","                 1.5800627506"
"1","
cg03130891      "
"1","                -3.2350598003"
"1","                -3.7032515985"
"1","
cg24335620      "
"1","                 2.2081443237"
"1","                 2.5468700563"
"1","
cg16162899      "
"1","                 3.0727325965"
"1","                 3.1733250342"
"1","
cg17149495      "
"1","                 1.4011358796"
"1","                 0.7700984138"
"1","
cg22802167      "
"1","                 3.4590415359"
"1","                 3.0832647870"
"1","
cg24669183      "
"1","                 1.9865857235"
"1","                 2.0641444903"
"1","
"
"1","                "
"1"," GSM1588395_9376525062_R01C02"
"1"," GSM1588396_9376525042_R06C02"
"1","
cg13869341      "
"1","                 2.6371361436"
"1","                 2.9833693783"
"1","
cg14008030      "
"1","                 1.5605937750"
"1","                 1.7436489122"
"1","
cg12045430      "
"1","                -1.3120535533"
"1","                -2.1640012990"
"1","
cg20826792      "
"1","                -0.7627481058"
"1","                -0.8513593725"
"1","
cg00381604      "
"1","                -2.4157818856"
"1","                -2.5679932128"
"1","
cg20253340      "
"1","                 0.9506970803"
"1","                 1.3984429081"
"1","
cg21870274      "
"1","                 1.7003108198"
"1","                 1.2685806706"
"1","
cg03130891      "
"1","                -3.0870230622"
"1","                -2.8177200859"
"1","
cg24335620      "
"1","                 2.1935948754"
"1","                 2.1142113909"
"1","
cg16162899      "
"1","                 2.6230820066"
"1","                 3.0418985383"
"1","
cg17149495      "
"1","                 1.3230417152"
"1","                 1.6317431330"
"1","
cg22802167      "
"1","                 3.1512118534"
"1","                 3.3584891582"
"1","
cg24669183      "
"1","                 2.2757418459"
"1","                 2.6122654653"
"1","
"
"1","                "
"1"," GSM1588397_9376525049_R01C02"
"1"," GSM1588398_9376525049_R04C01"
"1","
cg13869341      "
"1","                 3.0678799350"
"1","                 2.933274e+00"
"1","
cg14008030      "
"1","                 1.8815830475"
"1","                 1.533549e+00"
"1","
cg12045430      "
"1","                -2.1636984271"
"1","                -1.705861e+00"
"1","
cg20826792      "
"1","                -0.9710406023"
"1","                -6.426350e-01"
"1","
cg00381604      "
"1","                -3.3894025592"
"1","                -2.531825e+00"
"1","
cg20253340      "
"1","                 0.8973815075"
"1","                 1.143193e+00"
"1","
cg21870274      "
"1","                 1.4442020148"
"1","                 1.809858e+00"
"1","
cg03130891      "
"1","                -3.3364903891"
"1","                -2.982392e+00"
"1","
cg24335620      "
"1","                 2.0936064695"
"1","                 2.401717e+00"
"1","
cg16162899      "
"1","                 2.5731590541"
"1","                 2.864516e+00"
"1","
cg17149495      "
"1","                 0.7936603172"
"1","                 1.247512e+00"
"1","
cg22802167      "
"1","                 3.7500289410"
"1","                 3.270139e+00"
"1","
cg24669183      "
"1","                 2.0654659213"
"1","                 2.161311e+00"
"1","
"
"1","                "
"1"," GSM1588399_9376525042_R04C01"
"1"," GSM1588400_9376525042_R05C01"
"1","
cg13869341      "
"1","                 2.2944036663"
"1","                 2.082740e+00"
"1","
cg14008030      "
"1","                 0.9971091069"
"1","                 1.578364e+00"
"1","
cg12045430      "
"1","                -2.0748062250"
"1","                -1.980697e+00"
"1","
cg20826792      "
"1","                -0.9185406970"
"1","                -5.102820e-01"
"1","
cg00381604      "
"1","                -2.7595915659"
"1","                -2.566455e+00"
"1","
cg20253340      "
"1","                 1.0586240012"
"1","                 1.498918e+00"
"1","
cg21870274      "
"1","                 2.1371499654"
"1","                 1.346702e+00"
"1","
cg03130891      "
"1","                -2.5619409708"
"1","                -3.099014e+00"
"1","
cg24335620      "
"1","                 2.2246797653"
"1","                 2.491804e+00"
"1","
cg16162899      "
"1","                 3.3172847209"
"1","                 3.398490e+00"
"1","
cg17149495      "
"1","                 0.5948745634"
"1","                 6.745997e-01"
"1","
cg22802167      "
"1","                 3.0708390963"
"1","                 4.111759e+00"
"1","
cg24669183      "
"1","                 2.4294106696"
"1","                 1.898182e+00"
"1","
"
"1","                "
"1"," GSM1588401_9376525042_R01C01"
"1"," GSM1588402_9376525066_R03C01"
"1","
cg13869341      "
"1","                 3.014129e+00"
"1","                 2.802361e+00"
"1","
cg14008030      "
"1","                 1.114289e+00"
"1","                 1.688727e+00"
"1","
cg12045430      "
"1","                -1.774651e+00"
"1","                -2.032797e+00"
"1","
cg20826792      "
"1","                -6.422595e-01"
"1","                -9.074674e-01"
"1","
cg00381604      "
"1","                -2.674324e+00"
"1","                -2.940002e+00"
"1","
cg20253340      "
"1","                 1.845030e+00"
"1","                 9.930422e-01"
"1","
cg21870274      "
"1","                 1.462081e+00"
"1","                 1.518218e+00"
"1","
cg03130891      "
"1","                -3.650702e+00"
"1","                -3.250077e+00"
"1","
cg24335620      "
"1","                 2.542348e+00"
"1","                 1.931509e+00"
"1","
cg16162899      "
"1","                 3.229542e+00"
"1","                 2.796319e+00"
"1","
cg17149495      "
"1","                 9.204678e-01"
"1","                 1.017635e+00"
"1","
cg22802167      "
"1","                 3.390954e+00"
"1","                 3.258223e+00"
"1","
cg24669183      "
"1","                 2.219120e+00"
"1","                 1.889102e+00"
"1","
"
"1","                "
"1"," GSM1588403_9376525042_R01C02"
"1"," GSM1588404_9376525062_R03C02"
"1","
cg13869341      "
"1","                 2.2913918479"
"1","                 2.9455638244"
"1","
cg14008030      "
"1","                 1.3082982436"
"1","                 1.7324785003"
"1","
cg12045430      "
"1","                -1.8180950668"
"1","                -2.0454349799"
"1","
cg20826792      "
"1","                -0.7793444404"
"1","                -0.5438131997"
"1","
cg00381604      "
"1","                -2.8695313217"
"1","                -3.0657361512"
"1","
cg20253340      "
"1","                 0.2212124313"
"1","                 1.0229982238"
"1","
cg21870274      "
"1","                 1.1535115951"
"1","                 1.3031551425"
"1","
cg03130891      "
"1","                -3.9017044760"
"1","                -2.5405932073"
"1","
cg24335620      "
"1","                 1.9914703111"
"1","                 2.0277381008"
"1","
cg16162899      "
"1","                 3.4528036053"
"1","                 3.2798858731"
"1","
cg17149495      "
"1","                 0.2452821369"
"1","                 1.5463129013"
"1","
cg22802167      "
"1","                 3.5737158981"
"1","                 3.0189110716"
"1","
cg24669183      "
"1","                 2.4473729768"
"1","                 1.9634361438"
"1","
"
"1","                "
"1"," GSM1588405_9376525001_R03C01"
"1"," GSM1588406_9376525062_R01C01"
"1","
cg13869341      "
"1","                 3.0611624410"
"1","                 2.732800e+00"
"1","
cg14008030      "
"1","                 1.5947123828"
"1","                 1.059819e+00"
"1","
cg12045430      "
"1","                -2.2187194246"
"1","                -2.434452e+00"
"1","
cg20826792      "
"1","                -1.0182191787"
"1","                -9.128073e-01"
"1","
cg00381604      "
"1","                -2.8601190275"
"1","                -2.560989e+00"
"1","
cg20253340      "
"1","                 1.5006090253"
"1","                 1.089481e+00"
"1","
cg21870274      "
"1","                 1.3361022122"
"1","                 1.422804e+00"
"1","
cg03130891      "
"1","                -3.7219808607"
"1","                -3.822287e+00"
"1","
cg24335620      "
"1","                 2.0933202421"
"1","                 2.249284e+00"
"1","
cg16162899      "
"1","                 3.1504743699"
"1","                 3.008921e+00"
"1","
cg17149495      "
"1","                 0.8832229858"
"1","                 5.168416e-02"
"1","
cg22802167      "
"1","                 3.0848747195"
"1","                 2.953824e+00"
"1","
cg24669183      "
"1","                 2.3097081764"
"1","                 1.832898e+00"
"1","
"
"1","                "
"1"," GSM1588407_9376525001_R01C02"
"1"," GSM1588408_9376525001_R02C01"
"1","
cg13869341      "
"1","                 2.4219581909"
"1","                 2.8439584872"
"1","
cg14008030      "
"1","                 1.6170531910"
"1","                 1.7351198956"
"1","
cg12045430      "
"1","                -2.0494161306"
"1","                -2.0893973414"
"1","
cg20826792      "
"1","                -0.8315903090"
"1","                -0.8992370231"
"1","
cg00381604      "
"1","                -2.7098202642"
"1","                -3.1478527414"
"1","
cg20253340      "
"1","                 2.1405479177"
"1","                 0.9152274378"
"1","
cg21870274      "
"1","                 1.5185988095"
"1","                 1.4259967978"
"1","
cg03130891      "
"1","                -3.6588658622"
"1","                -2.6932743118"
"1","
cg24335620      "
"1","                 1.5344345237"
"1","                 2.3351407359"
"1","
cg16162899      "
"1","                 2.7274428200"
"1","                 3.9334932029"
"1","
cg17149495      "
"1","                 1.1958452667"
"1","                 1.2177430617"
"1","
cg22802167      "
"1","                 3.4282737576"
"1","                 3.3175481087"
"1","
cg24669183      "
"1","                 1.8662895001"
"1","                 1.8621451686"
"1","
"
"1","                "
"1"," GSM1588409_9376525062_R02C01"
"1"," GSM1588410_9376525055_R04C01"
"1","
cg13869341      "
"1","                 2.5605307681"
"1","                 3.2015330122"
"1","
cg14008030      "
"1","                 1.5010401966"
"1","                 1.6789345031"
"1","
cg12045430      "
"1","                -2.4077756449"
"1","                -2.0161180429"
"1","
cg20826792      "
"1","                -1.0850435828"
"1","                -0.6176226403"
"1","
cg00381604      "
"1","                -3.0647765614"
"1","                -2.5794189971"
"1","
cg20253340      "
"1","                 0.9600241121"
"1","                 2.3653352441"
"1","
cg21870274      "
"1","                 1.6447630406"
"1","                 1.7783616136"
"1","
cg03130891      "
"1","                -2.9511513640"
"1","                -2.7503374352"
"1","
cg24335620      "
"1","                 2.1908202258"
"1","                 2.1223030015"
"1","
cg16162899      "
"1","                 3.1911414874"
"1","                 3.3106127817"
"1","
cg17149495      "
"1","                 0.4822928034"
"1","                 1.1923976810"
"1","
cg22802167      "
"1","                 2.8687270371"
"1","                 3.3461379448"
"1","
cg24669183      "
"1","                 2.3199727817"
"1","                 2.1805868472"
"1","
"
"1","                "
"1"," GSM1588411_9376525055_R02C02"
"1"," GSM1588412_9376525049_R01C01"
"1","
cg13869341      "
"1","                 2.283932e+00"
"1","                 2.9360324023"
"1","
cg14008030      "
"1","                 7.718917e-01"
"1","                 0.8517545288"
"1","
cg12045430      "
"1","                -2.021688e+00"
"1","                -1.9373988123"
"1","
cg20826792      "
"1","                -9.123521e-01"
"1","                -0.7206200202"
"1","
cg00381604      "
"1","                -2.839099e+00"
"1","                -2.9684866142"
"1","
cg20253340      "
"1","                 1.220583e+00"
"1","                 0.7504741291"
"1","
cg21870274      "
"1","                 1.616129e+00"
"1","                 2.3399391049"
"1","
cg03130891      "
"1","                -3.453956e+00"
"1","                -2.2100352148"
"1","
cg24335620      "
"1","                 2.675929e+00"
"1","                 2.4060048864"
"1","
cg16162899      "
"1","                 3.073249e+00"
"1","                 3.3507383190"
"1","
cg17149495      "
"1","                 1.185311e+00"
"1","                 1.4676923199"
"1","
cg22802167      "
"1","                 3.397853e+00"
"1","                 3.2711463589"
"1","
cg24669183      "
"1","                 1.863095e+00"
"1","                 2.3074592473"
"1","
"
"1"," [ reached 'max' / getOption(""max.print"") -- omitted"
"1"," 467958 rows"
"1"," ]
"
"0","betavalues <- getBeta(mset_filtered)"
"0","print(betavalues)"
"1","                "
"1"," GSM1588341_9376525055_R04C02"
"1"," GSM1588342_9376525055_R03C02"
"1","
cg13869341      "
"1","                  0.854510099"
"1","                  0.890434012"
"1","
cg14008030      "
"1","                  0.800501174"
"1","                  0.681877720"
"1","
cg12045430      "
"1","                  0.242417417"
"1","                  0.231657609"
"1","
cg20826792      "
"1","                  0.358946305"
"1","                  0.345483251"
"1","
cg00381604      "
"1","                  0.123361219"
"1","                  0.138987963"
"1","
cg20253340      "
"1","                  0.689877065"
"1","                  0.756993704"
"1","
cg21870274      "
"1","                  0.767126149"
"1","                  0.737063880"
"1","
cg03130891      "
"1","                  0.139344262"
"1","                  0.104213525"
"1","
cg24335620      "
"1","                  0.795981175"
"1","                  0.860479002"
"1","
cg16162899      "
"1","                  0.859376709"
"1","                  0.888735041"
"1","
cg17149495      "
"1","                  0.670764502"
"1","                  0.584221311"
"1","
cg22802167      "
"1","                  0.887052089"
"1","                  0.931019940"
"1","
cg24669183      "
"1","                  0.809565217"
"1","                  0.794423295"
"1","
"
"1","                "
"1"," GSM1588343_9376525062_R02C02"
"1"," GSM1588344_9376525062_R03C01"
"1","
cg13869341      "
"1","                  0.876265591"
"1","                  0.896431437"
"1","
cg14008030      "
"1","                  0.660678486"
"1","                  0.750960988"
"1","
cg12045430      "
"1","                  0.182375424"
"1","                  0.155318729"
"1","
cg20826792      "
"1","                  0.328184059"
"1","                  0.378363832"
"1","
cg00381604      "
"1","                  0.116336329"
"1","                  0.128600823"
"1","
cg20253340      "
"1","                  0.682624707"
"1","                  0.645943629"
"1","
cg21870274      "
"1","                  0.755601548"
"1","                  0.750812615"
"1","
cg03130891      "
"1","                  0.099257522"
"1","                  0.072533604"
"1","
cg24335620      "
"1","                  0.869881890"
"1","                  0.821801567"
"1","
cg16162899      "
"1","                  0.890658711"
"1","                  0.853739364"
"1","
cg17149495      "
"1","                  0.694182390"
"1","                  0.698395042"
"1","
cg22802167      "
"1","                  0.884915610"
"1","                  0.892175633"
"1","
cg24669183      "
"1","                  0.816014348"
"1","                  0.772137165"
"1","
"
"1","                "
"1"," GSM1588345_9376525042_R05C02"
"1"," GSM1588346_9376525066_R06C02"
"1","
cg13869341      "
"1","                  0.893804446"
"1","                  0.889799620"
"1","
cg14008030      "
"1","                  0.641882856"
"1","                  0.629987210"
"1","
cg12045430      "
"1","                  0.157682024"
"1","                  0.158513011"
"1","
cg20826792      "
"1","                  0.366330563"
"1","                  0.370470288"
"1","
cg00381604      "
"1","                  0.128984433"
"1","                  0.132550957"
"1","
cg20253340      "
"1","                  0.756029164"
"1","                  0.876441341"
"1","
cg21870274      "
"1","                  0.809122175"
"1","                  0.853524983"
"1","
cg03130891      "
"1","                  0.084051483"
"1","                  0.095324723"
"1","
cg24335620      "
"1","                  0.840268686"
"1","                  0.799189315"
"1","
cg16162899      "
"1","                  0.893986748"
"1","                  0.872975277"
"1","
cg17149495      "
"1","                  0.731429375"
"1","                  0.582919822"
"1","
cg22802167      "
"1","                  0.913728103"
"1","                  0.905926520"
"1","
cg24669183      "
"1","                  0.830773661"
"1","                  0.823748141"
"1","
"
"1","                "
"1"," GSM1588347_9376525055_R06C01"
"1"," GSM1588348_9376525001_R04C01"
"1","
cg13869341      "
"1","                  0.842160257"
"1","                  0.850944621"
"1","
cg14008030      "
"1","                  0.749627603"
"1","                  0.790792609"
"1","
cg12045430      "
"1","                  0.187797980"
"1","                  0.154368283"
"1","
cg20826792      "
"1","                  0.402593295"
"1","                  0.370272956"
"1","
cg00381604      "
"1","                  0.129955099"
"1","                  0.106451289"
"1","
cg20253340      "
"1","                  0.595100548"
"1","                  0.688190512"
"1","
cg21870274      "
"1","                  0.725866281"
"1","                  0.673137491"
"1","
cg03130891      "
"1","                  0.152643041"
"1","                  0.120508568"
"1","
cg24335620      "
"1","                  0.788178977"
"1","                  0.859394010"
"1","
cg16162899      "
"1","                  0.878843931"
"1","                  0.901875085"
"1","
cg17149495      "
"1","                  0.733152828"
"1","                  0.634347989"
"1","
cg22802167      "
"1","                  0.902450642"
"1","                  0.876813301"
"1","
cg24669183      "
"1","                  0.793142272"
"1","                  0.789169295"
"1","
"
"1","                "
"1"," GSM1588349_9376525042_R02C01"
"1"," GSM1588350_9376525001_R06C02"
"1","
cg13869341      "
"1","                  0.813504560"
"1","                  0.911177769"
"1","
cg14008030      "
"1","                  0.728453775"
"1","                  0.784642057"
"1","
cg12045430      "
"1","                  0.197005305"
"1","                  0.155440797"
"1","
cg20826792      "
"1","                  0.384646329"
"1","                  0.334784550"
"1","
cg00381604      "
"1","                  0.120882852"
"1","                  0.091299259"
"1","
cg20253340      "
"1","                  0.650331865"
"1","                  0.621640039"
"1","
cg21870274      "
"1","                  0.720184089"
"1","                  0.760949142"
"1","
cg03130891      "
"1","                  0.083397328"
"1","                  0.109177820"
"1","
cg24335620      "
"1","                  0.867217631"
"1","                  0.816187990"
"1","
cg16162899      "
"1","                  0.903898067"
"1","                  0.911790650"
"1","
cg17149495      "
"1","                  0.733263232"
"1","                  0.618879217"
"1","
cg22802167      "
"1","                  0.904498240"
"1","                  0.922266635"
"1","
cg24669183      "
"1","                  0.794185065"
"1","                  0.789253049"
"1","
"
"1","                "
"1"," GSM1588351_9376525042_R02C02"
"1"," GSM1588352_9376525066_R05C02"
"1","
cg13869341      "
"1","                  0.818472985"
"1","                 0.8726671049"
"1","
cg14008030      "
"1","                  0.770089697"
"1","                 0.6924121285"
"1","
cg12045430      "
"1","                  0.191261142"
"1","                 0.1533379694"
"1","
cg20826792      "
"1","                  0.371023381"
"1","                 0.3185118595"
"1","
cg00381604      "
"1","                  0.154157164"
"1","                 0.1136022313"
"1","
cg20253340      "
"1","                  0.648812392"
"1","                 0.7316665273"
"1","
cg21870274      "
"1","                  0.740929443"
"1","                 0.7125502535"
"1","
cg03130891      "
"1","                  0.098601649"
"1","                 0.0884615385"
"1","
cg24335620      "
"1","                  0.824761905"
"1","                 0.8419739223"
"1","
cg16162899      "
"1","                  0.894533939"
"1","                 0.8923895254"
"1","
cg17149495      "
"1","                  0.738346799"
"1","                 0.6593683395"
"1","
cg22802167      "
"1","                  0.905014317"
"1","                 0.8842389129"
"1","
cg24669183      "
"1","                  0.803322110"
"1","                 0.8148216596"
"1","
"
"1","                "
"1"," GSM1588353_9376525062_R04C01"
"1"," GSM1588354_9376525062_R06C02"
"1","
cg13869341      "
"1","                 0.8796508621"
"1","                  0.880699822"
"1","
cg14008030      "
"1","                 0.6612555104"
"1","                  0.719456236"
"1","
cg12045430      "
"1","                 0.1577531334"
"1","                  0.167995826"
"1","
cg20826792      "
"1","                 0.3805216954"
"1","                  0.357095758"
"1","
cg00381604      "
"1","                 0.1221750602"
"1","                  0.118380447"
"1","
cg20253340      "
"1","                 0.6521544273"
"1","                  0.663263889"
"1","
cg21870274      "
"1","                 0.7535157444"
"1","                  0.737731425"
"1","
cg03130891      "
"1","                 0.0719405708"
"1","                  0.080448065"
"1","
cg24335620      "
"1","                 0.8565853659"
"1","                  0.859169671"
"1","
cg16162899      "
"1","                 0.8881706529"
"1","                  0.891819315"
"1","
cg17149495      "
"1","                 0.5504182156"
"1","                  0.625034388"
"1","
cg22802167      "
"1","                 0.9019621936"
"1","                  0.898455991"
"1","
cg24669183      "
"1","                 0.8370105854"
"1","                  0.827970581"
"1","
"
"1","                "
"1"," GSM1588355_9376525049_R04C02"
"1"," GSM1588356_9376525042_R03C02"
"1","
cg13869341      "
"1","                  0.847251126"
"1","                  0.889187292"
"1","
cg14008030      "
"1","                  0.668821629"
"1","                  0.760469671"
"1","
cg12045430      "
"1","                  0.171588473"
"1","                  0.205331322"
"1","
cg20826792      "
"1","                  0.386420841"
"1","                  0.366951927"
"1","
cg00381604      "
"1","                  0.127896200"
"1","                  0.102359016"
"1","
cg20253340      "
"1","                  0.674700300"
"1","                  0.669950022"
"1","
cg21870274      "
"1","                  0.746106531"
"1","                  0.709272120"
"1","
cg03130891      "
"1","                  0.090774211"
"1","                  0.098732841"
"1","
cg24335620      "
"1","                  0.806836187"
"1","                  0.828163309"
"1","
cg16162899      "
"1","                  0.894227561"
"1","                  0.908808161"
"1","
cg17149495      "
"1","                  0.629106491"
"1","                  0.679065615"
"1","
cg22802167      "
"1","                  0.907843002"
"1","                  0.895186436"
"1","
cg24669183      "
"1","                  0.791956093"
"1","                  0.748661972"
"1","
"
"1","                "
"1"," GSM1588357_9376525049_R06C01"
"1"," GSM1588358_9376525055_R06C02"
"1","
cg13869341      "
"1","                  0.859604605"
"1","                  0.859940339"
"1","
cg14008030      "
"1","                  0.606669675"
"1","                  0.809846236"
"1","
cg12045430      "
"1","                  0.183801076"
"1","                  0.155017538"
"1","
cg20826792      "
"1","                  0.331139672"
"1","                  0.317440288"
"1","
cg00381604      "
"1","                  0.146196749"
"1","                  0.123572313"
"1","
cg20253340      "
"1","                  0.818281845"
"1","                  0.791322603"
"1","
cg21870274      "
"1","                  0.824233759"
"1","                  0.820678514"
"1","
cg03130891      "
"1","                  0.062279528"
"1","                  0.154367878"
"1","
cg24335620      "
"1","                  0.826203946"
"1","                  0.804525014"
"1","
cg16162899      "
"1","                  0.893836836"
"1","                  0.848250232"
"1","
cg17149495      "
"1","                  0.702966355"
"1","                  0.632425743"
"1","
cg22802167      "
"1","                  0.924141095"
"1","                  0.887240009"
"1","
cg24669183      "
"1","                  0.849742205"
"1","                  0.790810315"
"1","
"
"1","                "
"1"," GSM1588359_9376525001_R06C01"
"1"," GSM1588360_9376525066_R01C01"
"1","
cg13869341      "
"1","                  0.862485461"
"1","                  0.889276051"
"1","
cg14008030      "
"1","                  0.772134657"
"1","                  0.634067382"
"1","
cg12045430      "
"1","                  0.152115650"
"1","                  0.210838710"
"1","
cg20826792      "
"1","                  0.337831621"
"1","                  0.385292884"
"1","
cg00381604      "
"1","                  0.114347771"
"1","                  0.152439024"
"1","
cg20253340      "
"1","                  0.670378179"
"1","                  0.706990317"
"1","
cg21870274      "
"1","                  0.719680696"
"1","                  0.793039443"
"1","
cg03130891      "
"1","                  0.121118881"
"1","                  0.118894727"
"1","
cg24335620      "
"1","                  0.881131469"
"1","                  0.853083687"
"1","
cg16162899      "
"1","                  0.898958474"
"1","                  0.882010102"
"1","
cg17149495      "
"1","                  0.612009871"
"1","                  0.691075515"
"1","
cg22802167      "
"1","                  0.888982281"
"1","                  0.910066425"
"1","
cg24669183      "
"1","                  0.804846103"
"1","                  0.830955777"
"1","
"
"1","                "
"1"," GSM1588361_9376525042_R06C01"
"1"," GSM1588362_9376525001_R01C01"
"1","
cg13869341      "
"1","                  0.869526593"
"1","                 0.8865127536"
"1","
cg14008030      "
"1","                  0.687278541"
"1","                 0.7281470479"
"1","
cg12045430      "
"1","                  0.191560567"
"1","                 0.1868747281"
"1","
cg20826792      "
"1","                  0.379105497"
"1","                 0.4097910809"
"1","
cg00381604      "
"1","                  0.146625968"
"1","                 0.1355332377"
"1","
cg20253340      "
"1","                  0.623124346"
"1","                 0.7113529557"
"1","
cg21870274      "
"1","                  0.770001442"
"1","                 0.7028936117"
"1","
cg03130891      "
"1","                  0.066584876"
"1","                 0.1443679918"
"1","
cg24335620      "
"1","                  0.816140894"
"1","                 0.8269243283"
"1","
cg16162899      "
"1","                  0.911546697"
"1","                 0.9135659476"
"1","
cg17149495      "
"1","                  0.731176999"
"1","                 0.5835539086"
"1","
cg22802167      "
"1","                  0.925293693"
"1","                 0.9199502863"
"1","
cg24669183      "
"1","                  0.847295562"
"1","                 0.7689147808"
"1","
"
"1","                "
"1"," GSM1588363_9376525001_R05C01"
"1"," GSM1588364_9376525066_R02C01"
"1","
cg13869341      "
"1","                 0.8621231029"
"1","                  0.883625803"
"1","
cg14008030      "
"1","                 0.7217435979"
"1","                  0.736257249"
"1","
cg12045430      "
"1","                 0.1254716981"
"1","                  0.206267778"
"1","
cg20826792      "
"1","                 0.3214263566"
"1","                  0.319903657"
"1","
cg00381604      "
"1","                 0.1010220126"
"1","                  0.129872927"
"1","
cg20253340      "
"1","                 0.6609911827"
"1","                  0.762222734"
"1","
cg21870274      "
"1","                 0.6957614943"
"1","                  0.744893873"
"1","
cg03130891      "
"1","                 0.0807564881"
"1","                  0.079988774"
"1","
cg24335620      "
"1","                 0.8495514542"
"1","                  0.829093281"
"1","
cg16162899      "
"1","                 0.8850295768"
"1","                  0.898845461"
"1","
cg17149495      "
"1","                 0.6975706495"
"1","                  0.670881630"
"1","
cg22802167      "
"1","                 0.8877888827"
"1","                  0.912595265"
"1","
cg24669183      "
"1","                 0.7802100018"
"1","                  0.829965070"
"1","
"
"1","                "
"1"," GSM1588365_9376525049_R03C01"
"1"," GSM1588366_9376525066_R04C02"
"1","
cg13869341      "
"1","                  0.852811747"
"1","                 0.8598332650"
"1","
cg14008030      "
"1","                  0.708455044"
"1","                 0.6410493400"
"1","
cg12045430      "
"1","                  0.147081947"
"1","                 0.2020475068"
"1","
cg20826792      "
"1","                  0.379761228"
"1","                 0.3369055593"
"1","
cg00381604      "
"1","                  0.129207383"
"1","                 0.1284792449"
"1","
cg20253340      "
"1","                  0.795622767"
"1","                 0.7414550446"
"1","
cg21870274      "
"1","                  0.729300867"
"1","                 0.7533239038"
"1","
cg03130891      "
"1","                  0.099691992"
"1","                 0.1409929078"
"1","
cg24335620      "
"1","                  0.784176885"
"1","                 0.8199365983"
"1","
cg16162899      "
"1","                  0.876736550"
"1","                 0.8955066698"
"1","
cg17149495      "
"1","                  0.594311075"
"1","                 0.6928802135"
"1","
cg22802167      "
"1","                  0.918706923"
"1","                 0.8736622875"
"1","
cg24669183      "
"1","                  0.787031579"
"1","                 0.7353714895"
"1","
"
"1","                "
"1"," GSM1588367_9376525001_R03C02"
"1"," GSM1588368_9376525062_R04C02"
"1","
cg13869341      "
"1","                 0.8154298673"
"1","                  0.841818232"
"1","
cg14008030      "
"1","                 0.6950107405"
"1","                  0.668195266"
"1","
cg12045430      "
"1","                 0.1598109893"
"1","                  0.159625570"
"1","
cg20826792      "
"1","                 0.3446542502"
"1","                  0.324182770"
"1","
cg00381604      "
"1","                 0.1333597151"
"1","                  0.111959540"
"1","
cg20253340      "
"1","                 0.5712335002"
"1","                  0.585337032"
"1","
cg21870274      "
"1","                 0.6981186896"
"1","                  0.712544075"
"1","
cg03130891      "
"1","                 0.1136474017"
"1","                  0.091620821"
"1","
cg24335620      "
"1","                 0.7935965586"
"1","                  0.854713805"
"1","
cg16162899      "
"1","                 0.8734693878"
"1","                  0.845227183"
"1","
cg17149495      "
"1","                 0.7084888060"
"1","                  0.820142400"
"1","
cg22802167      "
"1","                 0.9032598339"
"1","                  0.899435323"
"1","
cg24669183      "
"1","                 0.8223014929"
"1","                  0.746029310"
"1","
"
"1","                "
"1"," GSM1588369_9376525055_R01C02"
"1"," GSM1588370_9376525066_R05C01"
"1","
cg13869341      "
"1","                  0.886902786"
"1","                 0.8378764148"
"1","
cg14008030      "
"1","                  0.802945140"
"1","                 0.6606486149"
"1","
cg12045430      "
"1","                  0.188681785"
"1","                 0.1717811654"
"1","
cg20826792      "
"1","                  0.337515147"
"1","                 0.3480007532"
"1","
cg00381604      "
"1","                  0.119063545"
"1","                 0.1261435798"
"1","
cg20253340      "
"1","                  0.669726501"
"1","                 0.5981940242"
"1","
cg21870274      "
"1","                  0.691624459"
"1","                 0.7778706335"
"1","
cg03130891      "
"1","                  0.074454785"
"1","                 0.0896985660"
"1","
cg24335620      "
"1","                  0.859929196"
"1","                 0.8227516060"
"1","
cg16162899      "
"1","                  0.901937757"
"1","                 0.8807257585"
"1","
cg17149495      "
"1","                  0.681425295"
"1","                 0.8115086684"
"1","
cg22802167      "
"1","                  0.916913571"
"1","                 0.8845545363"
"1","
cg24669183      "
"1","                  0.814288812"
"1","                 0.8408369230"
"1","
"
"1","                "
"1"," GSM1588371_9376525062_R05C02"
"1"," GSM1588372_9376525066_R04C01"
"1","
cg13869341      "
"1","                  0.851569718"
"1","                 0.8350483131"
"1","
cg14008030      "
"1","                  0.649989526"
"1","                 0.7150538644"
"1","
cg12045430      "
"1","                  0.174015930"
"1","                 0.2078131034"
"1","
cg20826792      "
"1","                  0.336693276"
"1","                 0.3420370610"
"1","
cg00381604      "
"1","                  0.157604583"
"1","                 0.1216088824"
"1","
cg20253340      "
"1","                  0.646731285"
"1","                 0.7683379121"
"1","
cg21870274      "
"1","                  0.759122968"
"1","                 0.7101970597"
"1","
cg03130891      "
"1","                  0.127773213"
"1","                 0.0679893540"
"1","
cg24335620      "
"1","                  0.834253839"
"1","                 0.8074364660"
"1","
cg16162899      "
"1","                  0.864595735"
"1","                 0.8740832675"
"1","
cg17149495      "
"1","                  0.711936663"
"1","                 0.7007407407"
"1","
cg22802167      "
"1","                  0.899889491"
"1","                 0.8818485858"
"1","
cg24669183      "
"1","                  0.772713297"
"1","                 0.7951447617"
"1","
"
"1","                "
"1"," GSM1588373_9376525066_R06C01"
"1"," GSM1588374_9376525049_R02C02"
"1","
cg13869341      "
"1","                  0.868774918"
"1","                  0.857112372"
"1","
cg14008030      "
"1","                  0.725953910"
"1","                  0.700133064"
"1","
cg12045430      "
"1","                  0.203214631"
"1","                  0.239094738"
"1","
cg20826792      "
"1","                  0.328276047"
"1","                  0.391046270"
"1","
cg00381604      "
"1","                  0.106845745"
"1","                  0.148645493"
"1","
cg20253340      "
"1","                  0.569351712"
"1","                  0.592577113"
"1","
cg21870274      "
"1","                  0.773916159"
"1","                  0.726948021"
"1","
cg03130891      "
"1","                  0.095220244"
"1","                  0.113855273"
"1","
cg24335620      "
"1","                  0.844031435"
"1","                  0.859717613"
"1","
cg16162899      "
"1","                  0.902713891"
"1","                  0.877789364"
"1","
cg17149495      "
"1","                  0.697443182"
"1","                  0.681577307"
"1","
cg22802167      "
"1","                  0.924890074"
"1","                  0.942921674"
"1","
cg24669183      "
"1","                  0.849233312"
"1","                  0.817220697"
"1","
"
"1","                "
"1"," GSM1588375_9376525066_R03C02"
"1"," GSM1588376_9376525049_R03C02"
"1","
cg13869341      "
"1","                  0.852376252"
"1","                  0.816196442"
"1","
cg14008030      "
"1","                  0.763501174"
"1","                  0.742605348"
"1","
cg12045430      "
"1","                  0.211532855"
"1","                  0.193782318"
"1","
cg20826792      "
"1","                  0.375932401"
"1","                  0.362019915"
"1","
cg00381604      "
"1","                  0.126678282"
"1","                  0.140979955"
"1","
cg20253340      "
"1","                  0.682451253"
"1","                  0.643431462"
"1","
cg21870274      "
"1","                  0.738070821"
"1","                  0.731297282"
"1","
cg03130891      "
"1","                  0.092377942"
"1","                  0.056681636"
"1","
cg24335620      "
"1","                  0.829090664"
"1","                  0.822158480"
"1","
cg16162899      "
"1","                  0.884151746"
"1","                  0.908218659"
"1","
cg17149495      "
"1","                  0.732940725"
"1","                  0.608247423"
"1","
cg22802167      "
"1","                  0.905279240"
"1","                  0.932262998"
"1","
cg24669183      "
"1","                  0.776394787"
"1","                  0.807558596"
"1","
"
"1","                "
"1"," GSM1588377_9376525049_R05C01"
"1"," GSM1588378_9376525066_R02C02"
"1","
cg13869341      "
"1","                  0.865656083"
"1","                  0.847875220"
"1","
cg14008030      "
"1","                  0.761643368"
"1","                  0.695307861"
"1","
cg12045430      "
"1","                  0.209399243"
"1","                  0.189171674"
"1","
cg20826792      "
"1","                  0.406055954"
"1","                  0.291210242"
"1","
cg00381604      "
"1","                  0.099279161"
"1","                  0.129319054"
"1","
cg20253340      "
"1","                  0.662217063"
"1","                  0.539203696"
"1","
cg21870274      "
"1","                  0.731185137"
"1","                  0.742418707"
"1","
cg03130891      "
"1","                  0.081835811"
"1","                  0.116142178"
"1","
cg24335620      "
"1","                  0.820678514"
"1","                  0.805352267"
"1","
cg16162899      "
"1","                  0.918607595"
"1","                  0.898102903"
"1","
cg17149495      "
"1","                  0.558165300"
"1","                  0.738112340"
"1","
cg22802167      "
"1","                  0.924129290"
"1","                  0.887766773"
"1","
cg24669183      "
"1","                  0.803710013"
"1","                  0.838733312"
"1","
"
"1","                "
"1"," GSM1588379_9376525055_R05C02"
"1"," GSM1588380_9376525055_R05C01"
"1","
cg13869341      "
"1","                  0.862243550"
"1","                  0.846733783"
"1","
cg14008030      "
"1","                  0.771106307"
"1","                  0.762119086"
"1","
cg12045430      "
"1","                  0.197888119"
"1","                  0.207885305"
"1","
cg20826792      "
"1","                  0.384257186"
"1","                  0.346435222"
"1","
cg00381604      "
"1","                  0.148005643"
"1","                  0.118856895"
"1","
cg20253340      "
"1","                  0.717870322"
"1","                  0.656248066"
"1","
cg21870274      "
"1","                  0.725877193"
"1","                  0.705987000"
"1","
cg03130891      "
"1","                  0.110062112"
"1","                  0.108655617"
"1","
cg24335620      "
"1","                  0.826929616"
"1","                  0.839940868"
"1","
cg16162899      "
"1","                  0.912742838"
"1","                  0.866899651"
"1","
cg17149495      "
"1","                  0.521205655"
"1","                  0.757182113"
"1","
cg22802167      "
"1","                  0.883409793"
"1","                  0.894480757"
"1","
cg24669183      "
"1","                  0.828887721"
"1","                  0.737500000"
"1","
"
"1","                "
"1"," GSM1588381_9376525001_R02C02"
"1"," GSM1588382_9376525062_R06C01"
"1","
cg13869341      "
"1","                  0.864513057"
"1","                  0.894360817"
"1","
cg14008030      "
"1","                  0.748526399"
"1","                  0.662482448"
"1","
cg12045430      "
"1","                  0.181366860"
"1","                  0.210462874"
"1","
cg20826792      "
"1","                  0.324631249"
"1","                  0.364611951"
"1","
cg00381604      "
"1","                  0.102869757"
"1","                  0.166167878"
"1","
cg20253340      "
"1","                  0.745836078"
"1","                  0.806067444"
"1","
cg21870274      "
"1","                  0.762734311"
"1","                  0.838252382"
"1","
cg03130891      "
"1","                  0.124069479"
"1","                  0.160397445"
"1","
cg24335620      "
"1","                  0.818801725"
"1","                  0.813875397"
"1","
cg16162899      "
"1","                  0.894387290"
"1","                  0.899456178"
"1","
cg17149495      "
"1","                  0.639443572"
"1","                  0.737130870"
"1","
cg22802167      "
"1","                  0.909656564"
"1","                  0.913217119"
"1","
cg24669183      "
"1","                  0.833914209"
"1","                  0.850428082"
"1","
"
"1","                "
"1"," GSM1588383_9376525049_R05C02"
"1"," GSM1588384_9376525042_R04C02"
"1","
cg13869341      "
"1","                  0.819369807"
"1","                  0.875559000"
"1","
cg14008030      "
"1","                  0.752114037"
"1","                  0.707428235"
"1","
cg12045430      "
"1","                  0.169880567"
"1","                  0.162426881"
"1","
cg20826792      "
"1","                  0.353683081"
"1","                  0.423337364"
"1","
cg00381604      "
"1","                  0.141425030"
"1","                  0.128376918"
"1","
cg20253340      "
"1","                  0.586550060"
"1","                  0.547339222"
"1","
cg21870274      "
"1","                  0.683258786"
"1","                  0.691036190"
"1","
cg03130891      "
"1","                  0.100479744"
"1","                  0.072265167"
"1","
cg24335620      "
"1","                  0.815985130"
"1","                  0.787442773"
"1","
cg16162899      "
"1","                  0.878097790"
"1","                  0.899196042"
"1","
cg17149495      "
"1","                  0.682719976"
"1","                  0.628137652"
"1","
cg22802167      "
"1","                  0.895156758"
"1","                  0.917364513"
"1","
cg24669183      "
"1","                  0.805307900"
"1","                  0.792044818"
"1","
"
"1","                "
"1"," GSM1588385_9376525049_R06C02"
"1"," GSM1588386_9376525001_R04C02"
"1","
cg13869341      "
"1","                  0.884657346"
"1","                  0.853752601"
"1","
cg14008030      "
"1","                  0.714792300"
"1","                  0.712935685"
"1","
cg12045430      "
"1","                  0.153503584"
"1","                  0.182543871"
"1","
cg20826792      "
"1","                  0.385667138"
"1","                  0.397020529"
"1","
cg00381604      "
"1","                  0.144582318"
"1","                  0.131882330"
"1","
cg20253340      "
"1","                  0.755943536"
"1","                  0.590689365"
"1","
cg21870274      "
"1","                  0.756110168"
"1","                  0.712797872"
"1","
cg03130891      "
"1","                  0.080550634"
"1","                  0.085449358"
"1","
cg24335620      "
"1","                  0.820169461"
"1","                  0.835902190"
"1","
cg16162899      "
"1","                  0.909290248"
"1","                  0.902436372"
"1","
cg17149495      "
"1","                  0.681630547"
"1","                  0.726652591"
"1","
cg22802167      "
"1","                  0.925364307"
"1","                  0.919321175"
"1","
cg24669183      "
"1","                  0.806059357"
"1","                  0.797338238"
"1","
"
"1","                "
"1"," GSM1588387_9376525042_R03C01"
"1"," GSM1588388_9376525049_R02C01"
"1","
cg13869341      "
"1","                  0.883675385"
"1","                  0.857724112"
"1","
cg14008030      "
"1","                  0.738048838"
"1","                  0.650471356"
"1","
cg12045430      "
"1","                  0.180194483"
"1","                  0.183074898"
"1","
cg20826792      "
"1","                  0.392803598"
"1","                  0.434768277"
"1","
cg00381604      "
"1","                  0.121580214"
"1","                  0.133077108"
"1","
cg20253340      "
"1","                  0.620215311"
"1","                  0.563776990"
"1","
cg21870274      "
"1","                  0.713379690"
"1","                  0.725057574"
"1","
cg03130891      "
"1","                  0.160520145"
"1","                  0.108298172"
"1","
cg24335620      "
"1","                  0.850577985"
"1","                  0.811362628"
"1","
cg16162899      "
"1","                  0.888077224"
"1","                  0.911479945"
"1","
cg17149495      "
"1","                  0.756787617"
"1","                  0.433780055"
"1","
cg22802167      "
"1","                  0.911976928"
"1","                  0.901769565"
"1","
cg24669183      "
"1","                  0.782547058"
"1","                  0.801418440"
"1","
"
"1","                "
"1"," GSM1588389_9376525055_R01C01"
"1"," GSM1588390_9376525066_R01C02"
"1","
cg13869341      "
"1","                  0.869161804"
"1","                 0.8857179920"
"1","
cg14008030      "
"1","                  0.715952424"
"1","                 0.7922664185"
"1","
cg12045430      "
"1","                  0.212775657"
"1","                 0.1926263961"
"1","
cg20826792      "
"1","                  0.378782609"
"1","                 0.3458356315"
"1","
cg00381604      "
"1","                  0.151673133"
"1","                 0.1510552032"
"1","
cg20253340      "
"1","                  0.653336185"
"1","                 0.6736947791"
"1","
cg21870274      "
"1","                  0.724323006"
"1","                 0.7137904735"
"1","
cg03130891      "
"1","                  0.119118523"
"1","                 0.0603259166"
"1","
cg24335620      "
"1","                  0.818962669"
"1","                 0.7925023430"
"1","
cg16162899      "
"1","                  0.870971536"
"1","                 0.9049185016"
"1","
cg17149495      "
"1","                  0.641735756"
"1","                 0.5802357208"
"1","
cg22802167      "
"1","                  0.908414485"
"1","                 0.8991941401"
"1","
cg24669183      "
"1","                  0.816272966"
"1","                 0.8478909799"
"1","
"
"1","                "
"1"," GSM1588391_9376525055_R02C01"
"1"," GSM1588392_9376525001_R05C02"
"1","
cg13869341      "
"1","                  0.851571149"
"1","                  0.863480630"
"1","
cg14008030      "
"1","                  0.715806873"
"1","                  0.740478781"
"1","
cg12045430      "
"1","                  0.238369153"
"1","                  0.146891901"
"1","
cg20826792      "
"1","                  0.388910481"
"1","                  0.352995401"
"1","
cg00381604      "
"1","                  0.115949802"
"1","                  0.097764757"
"1","
cg20253340      "
"1","                  0.519207242"
"1","                  0.700032552"
"1","
cg21870274      "
"1","                  0.677042950"
"1","                  0.725903424"
"1","
cg03130891      "
"1","                  0.078504177"
"1","                  0.066939425"
"1","
cg24335620      "
"1","                  0.787505138"
"1","                  0.795607806"
"1","
cg16162899      "
"1","                  0.876028910"
"1","                  0.912650177"
"1","
cg17149495      "
"1","                  0.675727147"
"1","                  0.677585634"
"1","
cg22802167      "
"1","                  0.903808972"
"1","                  0.897224168"
"1","
cg24669183      "
"1","                  0.807476636"
"1","                  0.798788368"
"1","
"
"1","                "
"1"," GSM1588393_9376525062_R05C01"
"1"," GSM1588394_9376525055_R03C01"
"1","
cg13869341      "
"1","                  0.895500726"
"1","                  0.842517774"
"1","
cg14008030      "
"1","                  0.775120430"
"1","                  0.670334534"
"1","
cg12045430      "
"1","                  0.214094433"
"1","                  0.223382851"
"1","
cg20826792      "
"1","                  0.409580499"
"1","                  0.382126018"
"1","
cg00381604      "
"1","                  0.116932515"
"1","                  0.121274674"
"1","
cg20253340      "
"1","                  0.694280319"
"1","                  0.704194877"
"1","
cg21870274      "
"1","                  0.724901018"
"1","                  0.749362663"
"1","
cg03130891      "
"1","                  0.096009424"
"1","                  0.071299406"
"1","
cg24335620      "
"1","                  0.822089552"
"1","                  0.853879168"
"1","
cg16162899      "
"1","                  0.893771331"
"1","                  0.900211905"
"1","
cg17149495      "
"1","                  0.725357301"
"1","                  0.630366994"
"1","
cg22802167      "
"1","                  0.916646010"
"1","                  0.894462467"
"1","
cg24669183      "
"1","                  0.798508159"
"1","                  0.807019072"
"1","
"
"1","                "
"1"," GSM1588395_9376525062_R01C02"
"1"," GSM1588396_9376525042_R06C02"
"1","
cg13869341      "
"1","                  0.861514169"
"1","                  0.887745259"
"1","
cg14008030      "
"1","                  0.746819562"
"1","                  0.770052085"
"1","
cg12045430      "
"1","                  0.287113171"
"1","                  0.182429790"
"1","
cg20826792      "
"1","                  0.370820914"
"1","                  0.356607930"
"1","
cg00381604      "
"1","                  0.157826144"
"1","                  0.144303473"
"1","
cg20253340      "
"1","                  0.659029650"
"1","                  0.724985286"
"1","
cg21870274      "
"1","                  0.764689806"
"1","                  0.706679861"
"1","
cg03130891      "
"1","                  0.105291871"
"1","                  0.124216301"
"1","
cg24335620      "
"1","                  0.820609756"
"1","                  0.812366296"
"1","
cg16162899      "
"1","                  0.860347826"
"1","                  0.891724990"
"1","
cg17149495      "
"1","                  0.714443219"
"1","                  0.756030435"
"1","
cg22802167      "
"1","                  0.898826541"
"1","                  0.911163705"
"1","
cg24669183      "
"1","                  0.828839390"
"1","                  0.859444575"
"1","
"
"1","                "
"1"," GSM1588397_9376525049_R01C02"
"1"," GSM1588398_9376525049_R04C01"
"1","
cg13869341      "
"1","                  0.893451553"
"1","                  0.884238093"
"1","
cg14008030      "
"1","                  0.786543335"
"1","                  0.743258717"
"1","
cg12045430      "
"1","                  0.182461103"
"1","                  0.234618597"
"1","
cg20826792      "
"1","                  0.337808850"
"1","                  0.390445334"
"1","
cg00381604      "
"1","                  0.087117068"
"1","                  0.147426831"
"1","
cg20253340      "
"1","                  0.650677250"
"1","                  0.688346696"
"1","
cg21870274      "
"1","                  0.731263901"
"1","                  0.778077489"
"1","
cg03130891      "
"1","                  0.090078329"
"1","                  0.112322275"
"1","
cg24335620      "
"1","                  0.810179574"
"1","                  0.840873736"
"1","
cg16162899      "
"1","                  0.856138107"
"1","                  0.879269574"
"1","
cg17149495      "
"1","                  0.634164223"
"1","                  0.703643605"
"1","
cg22802167      "
"1","                  0.930817931"
"1","                  0.906080309"
"1","
cg24669183      "
"1","                  0.807161680"
"1","                  0.817291879"
"1","
"
"1","                "
"1"," GSM1588399_9376525042_R04C01"
"1"," GSM1588400_9376525042_R05C01"
"1","
cg13869341      "
"1","                  0.830666667"
"1","                 0.8090185676"
"1","
cg14008030      "
"1","                  0.666221226"
"1","                 0.7491414066"
"1","
cg12045430      "
"1","                  0.191832602"
"1","                 0.2021493674"
"1","
cg20826792      "
"1","                  0.345996534"
"1","                 0.4124853458"
"1","
cg00381604      "
"1","                  0.128666264"
"1","                 0.1444351813"
"1","
cg20253340      "
"1","                  0.675634710"
"1","                 0.7386513355"
"1","
cg21870274      "
"1","                  0.814777833"
"1","                 0.7177772654"
"1","
cg03130891      "
"1","                  0.144822257"
"1","                 0.1045114487"
"1","
cg24335620      "
"1","                  0.823759707"
"1","                 0.8490522688"
"1","
cg16162899      "
"1","                  0.908824563"
"1","                 0.9133825517"
"1","
cg17149495      "
"1","                  0.601647786"
"1","                 0.6148148148"
"1","
cg22802167      "
"1","                  0.893646655"
"1","                 0.9453214855"
"1","
cg24669183      "
"1","                  0.843425436"
"1","                 0.7884686827"
"1","
"
"1","                "
"1"," GSM1588401_9376525042_R01C01"
"1"," GSM1588402_9376525066_R03C01"
"1","
cg13869341      "
"1","                  0.889852437"
"1","                  0.874620918"
"1","
cg14008030      "
"1","                  0.684032531"
"1","                  0.763241934"
"1","
cg12045430      "
"1","                  0.226164897"
"1","                  0.196387462"
"1","
cg20826792      "
"1","                  0.390507283"
"1","                  0.347735399"
"1","
cg00381604      "
"1","                  0.135439027"
"1","                  0.115285451"
"1","
cg20253340      "
"1","                  0.782258644"
"1","                  0.665594079"
"1","
cg21870274      "
"1","                  0.733692260"
"1","                  0.741225565"
"1","
cg03130891      "
"1","                  0.073749253"
"1","                  0.095109794"
"1","
cg24335620      "
"1","                  0.853487645"
"1","                  0.792295812"
"1","
cg16162899      "
"1","                  0.903658135"
"1","                  0.874160915"
"1","
cg17149495      "
"1","                  0.654305663"
"1","                  0.669377495"
"1","
cg22802167      "
"1","                  0.912968430"
"1","                  0.905375032"
"1","
cg24669183      "
"1","                  0.823199528"
"1","                  0.787416993"
"1","
"
"1","                "
"1"," GSM1588403_9376525042_R01C02"
"1"," GSM1588404_9376525062_R03C02"
"1","
cg13869341      "
"1","                  0.830372818"
"1","                  0.885107201"
"1","
cg14008030      "
"1","                  0.712353758"
"1","                  0.768678198"
"1","
cg12045430      "
"1","                  0.220938180"
"1","                  0.195008670"
"1","
cg20826792      "
"1","                  0.368140965"
"1","                  0.406864519"
"1","
cg00381604      "
"1","                  0.120361899"
"1","                  0.106689987"
"1","
cg20253340      "
"1","                  0.538258265"
"1","                  0.670199684"
"1","
cg21870274      "
"1","                  0.689878922"
"1","                  0.711622731"
"1","
cg03130891      "
"1","                  0.062710961"
"1","                  0.146664513"
"1","
cg24335620      "
"1","                  0.799052349"
"1","                  0.803058518"
"1","
cg16162899      "
"1","                  0.916315049"
"1","                  0.906653642"
"1","
cg17149495      "
"1","                  0.542402066"
"1","                  0.744943337"
"1","
cg22802167      "
"1","                  0.922521564"
"1","                  0.890176937"
"1","
cg24669183      "
"1","                  0.845062618"
"1","                  0.795914091"
"1","
"
"1","                "
"1"," GSM1588405_9376525001_R03C01"
"1"," GSM1588406_9376525062_R01C01"
"1","
cg13869341      "
"1","                  0.893007488"
"1","                 0.8692373417"
"1","
cg14008030      "
"1","                  0.751265002"
"1","                 0.6758162381"
"1","
cg12045430      "
"1","                  0.176840889"
"1","                 0.1561136658"
"1","
cg20826792      "
"1","                  0.330532915"
"1","                 0.3468963469"
"1","
cg00381604      "
"1","                  0.121054351"
"1","                 0.1449040023"
"1","
cg20253340      "
"1","                  0.738877581"
"1","                 0.6803043353"
"1","
cg21870274      "
"1","                  0.716286537"
"1","                 0.7283391492"
"1","
cg03130891      "
"1","                  0.070444553"
"1","                 0.0660255490"
"1","
cg24335620      "
"1","                  0.810149061"
"1","                 0.8262219666"
"1","
cg16162899      "
"1","                  0.898780046"
"1","                 0.8894981523"
"1","
cg17149495      "
"1","                  0.648443291"
"1","                 0.5089552239"
"1","
cg22802167      "
"1","                  0.894567763"
"1","                 0.8856881274"
"1","
cg24669183      "
"1","                  0.832153593"
"1","                 0.7808229136"
"1","
"
"1","                "
"1"," GSM1588407_9376525001_R01C02"
"1"," GSM1588408_9376525001_R02C01"
"1","
cg13869341      "
"1","                  0.842742053"
"1","                  0.877748725"
"1","
cg14008030      "
"1","                  0.754147435"
"1","                  0.769003589"
"1","
cg12045430      "
"1","                  0.194575844"
"1","                  0.190269517"
"1","
cg20826792      "
"1","                  0.359758039"
"1","                  0.349030471"
"1","
cg00381604      "
"1","                  0.132583769"
"1","                  0.101385390"
"1","
cg20253340      "
"1","                  0.815133017"
"1","                  0.653483607"
"1","
cg21870274      "
"1","                  0.741276252"
"1","                  0.728776849"
"1","
cg03130891      "
"1","                  0.073363654"
"1","                  0.133908307"
"1","
cg24335620      "
"1","                  0.743375803"
"1","                  0.834601440"
"1","
cg16162899      "
"1","                  0.868814730"
"1","                  0.938571764"
"1","
cg17149495      "
"1","                  0.696121608"
"1","                  0.699322799"
"1","
cg22802167      "
"1","                  0.915001982"
"1","                  0.908839690"
"1","
cg24669183      "
"1","                  0.784758151"
"1","                  0.784272529"
"1","
"
"1","                "
"1"," GSM1588409_9376525062_R02C01"
"1"," GSM1588410_9376525055_R04C01"
"1","
cg13869341      "
"1","                  0.855056642"
"1","                  0.901954603"
"1","
cg14008030      "
"1","                  0.738935239"
"1","                  0.762013209"
"1","
cg12045430      "
"1","                  0.158565169"
"1","                  0.198218442"
"1","
cg20826792      "
"1","                  0.320365004"
"1","                  0.394579315"
"1","
cg00381604      "
"1","                  0.106753396"
"1","                  0.143328295"
"1","
cg20253340      "
"1","                  0.660480901"
"1","                  0.837470356"
"1","
cg21870274      "
"1","                  0.757691181"
"1","                  0.774284905"
"1","
cg03130891      "
"1","                  0.114499532"
"1","                  0.129387114"
"1","
cg24335620      "
"1","                  0.820326463"
"1","                  0.813219714"
"1","
cg16162899      "
"1","                  0.901315789"
"1","                  0.908440629"
"1","
cg17149495      "
"1","                  0.582805239"
"1","                  0.695615866"
"1","
cg22802167      "
"1","                  0.879579065"
"1","                  0.910468280"
"1","
cg24669183      "
"1","                  0.833145009"
"1","                  0.819278607"
"1","
"
"1","                "
"1"," GSM1588411_9376525055_R02C02"
"1"," GSM1588412_9376525049_R01C01"
"1","
cg13869341      "
"1","                  0.829643240"
"1","                  0.884433641"
"1","
cg14008030      "
"1","                  0.630656574"
"1","                  0.643454912"
"1","
cg12045430      "
"1","                  0.197605578"
"1","                  0.207033145"
"1","
cg20826792      "
"1","                  0.346967847"
"1","                  0.377659180"
"1","
cg00381604      "
"1","                  0.122613173"
"1","                  0.113286881"
"1","
cg20253340      "
"1","                  0.699736611"
"1","                  0.627191966"
"1","
cg21870274      "
"1","                  0.754028630"
"1","                  0.835060053"
"1","
cg03130891      "
"1","                  0.083623693"
"1","                  0.177718833"
"1","
cg24335620      "
"1","                  0.864691136"
"1","                  0.841271001"
"1","
cg16162899      "
"1","                  0.893805310"
"1","                  0.910727872"
"1","
cg17149495      "
"1","                  0.694574780"
"1","                  0.734451564"
"1","
cg22802167      "
"1","                  0.913347656"
"1","                  0.906139691"
"1","
cg24669183      "
"1","                  0.784383954"
"1","                  0.831935751"
"1","
"
"1"," [ reached 'max' / getOption(""max.print"") -- omitted"
"1"," 467958 rows"
"1"," ]
"
