"0","if (!require(""ggplot2"", quietly = TRUE))"
"0","install.packages(""ggplot2"")"
"0","library(ggplot2)"
"0","all_probe_data <- getAnnotation(mset_filtered)"
"0","alox15_probes <- all_probe_data[grep(""ALOX15"", all_probe_data$UCSC_RefGene_Name), ]"
"0","print(alox15_probes)"
"1","DataFrame"
"1",""
"1"," with "
"1",""
"1","25"
"1",""
"1"," row"
"1",""
"1","s"
"1",""
"1"," and "
"1",""
"1","33"
"1",""
"1"," column"
"1",""
"1","s"
"1",""
"1","
"
"1","          "
"1","         chr"
"1","       pos"
"1","      strand"
"1","        Name"
"1","    AddressA"
"1","    AddressB"
"1","
          "
"1"," <character>"
"1"," <integer>"
"1"," <character>"
"1"," <character>"
"1"," <character>"
"1"," <character>"
"1","
cg12786765"
"1","       chr17"
"1","   4534351"
"1","           +"
"1","  cg12786765"
"1","    14677444"
"1","    24686392"
"1","
cg05715138"
"1","       chr17"
"1","   4534892"
"1","           +"
"1","  cg05715138"
"1","    58665376"
"1","            "
"1","
cg05397535"
"1","       chr17"
"1","   4536237"
"1","           -"
"1","  cg05397535"
"1","    63702303"
"1","    60611356"
"1","
cg23873735"
"1","       chr17"
"1","   4539072"
"1","           +"
"1","  cg23873735"
"1","    29679367"
"1","            "
"1","
cg11609940"
"1","       chr17"
"1","   4541334"
"1","           +"
"1","  cg11609940"
"1","    57702364"
"1","    34666377"
"1","
...       "
"1","         ..."
"1","       ..."
"1","         ..."
"1","         ..."
"1","         ..."
"1","         ..."
"1","
cg12343777"
"1","       chr17"
"1","   7942342"
"1","           +"
"1","  cg12343777"
"1","    69717377"
"1","            "
"1","
cg15799267"
"1","       chr17"
"1","   7942406"
"1","           -"
"1","  cg15799267"
"1","    57756395"
"1","            "
"1","
cg18308285"
"1","       chr17"
"1","   7942551"
"1","           -"
"1","  cg18308285"
"1","    59726305"
"1","            "
"1","
cg22256433"
"1","       chr17"
"1","   7942743"
"1","           +"
"1","  cg22256433"
"1","    53640432"
"1","    22740360"
"1","
cg13852234"
"1","       chr17"
"1","   7952192"
"1","           +"
"1","  cg13852234"
"1","    59608384"
"1","            "
"1","
"
"1","          "
"1","              ProbeSeqA"
"1","              ProbeSeqB"
"1","        Type"
"1","    NextBase"
"1","       Color"
"1","
          "
"1","            <character>"
"1","            <character>"
"1"," <character>"
"1"," <character>"
"1"," <character>"
"1","
cg12786765"
"1"," AAACTCATACCATCATACCC.."
"1"," AAACTCATACCATCATACCC.."
"1","           I"
"1","           A"
"1","         Red"
"1","
cg05715138"
"1"," TACRAATACCTACRACCCAA.."
"1","                       "
"1","          II"
"1","            "
"1","            "
"1","
cg05397535"
"1"," TAATCTCTCAACACCAAATC.."
"1"," TAATCTCTCGACACCAAATC.."
"1","           I"
"1","           T"
"1","         Red"
"1","
cg23873735"
"1"," CACTTAATAACTAAAATCAT.."
"1","                       "
"1","          II"
"1","            "
"1","            "
"1","
cg11609940"
"1"," ATCCTAAAAAACCCTAAAAA.."
"1"," ATCCTAAAAAACCCTAAAAA.."
"1","           I"
"1","           A"
"1","         Red"
"1","
...       "
"1","                    ..."
"1","                    ..."
"1","         ..."
"1","         ..."
"1","         ..."
"1","
cg12343777"
"1"," CCTAATTATTACCACTAACT.."
"1","                       "
"1","          II"
"1","            "
"1","            "
"1","
cg15799267"
"1"," AATCCACTAAACTTAAAATC.."
"1","                       "
"1","          II"
"1","            "
"1","            "
"1","
cg18308285"
"1"," CCRAAAAAACCTTCRAAACT.."
"1","                       "
"1","          II"
"1","            "
"1","            "
"1","
cg22256433"
"1"," AACAAAAACAACACTAAAAA.."
"1"," AACAAAAACAACACTAAAAA.."
"1","           I"
"1","           A"
"1","         Red"
"1","
cg13852234"
"1"," CTAATAAACCCTAAAACRAA.."
"1","                       "
"1","          II"
"1","            "
"1","            "
"1","
"
"1","          "
"1","    Probe_rs"
"1"," Probe_maf"
"1","      CpG_rs"
"1","   CpG_maf"
"1","      SBE_rs"
"1","   SBE_maf"
"1","          Islands_Name"
"1","
          "
"1"," <character>"
"1"," <numeric>"
"1"," <character>"
"1"," <numeric>"
"1"," <character>"
"1"," <numeric>"
"1","           <character>"
"1","
cg12786765"
"1","  rs11568134"
"1","  0.020560"
"1","          NA"
"1","        NA"
"1","          NA"
"1","        NA"
"1","                      "
"1","
cg05715138"
"1","          NA"
"1","        NA"
"1","          NA"
"1","        NA"
"1","          NA"
"1","        NA"
"1","                      "
"1","
cg05397535"
"1","          NA"
"1","        NA"
"1","          NA"
"1","        NA"
"1","          NA"
"1","        NA"
"1","                      "
"1","
cg23873735"
"1","          NA"
"1","        NA"
"1","          NA"
"1","        NA"
"1","          NA"
"1","        NA"
"1"," chr17:4542715-4544934"
"1","
cg11609940"
"1","  rs56271859"
"1","  0.420932"
"1","          NA"
"1","        NA"
"1","          NA"
"1","        NA"
"1"," chr17:4542715-4544934"
"1","
...       "
"1","         ..."
"1","       ..."
"1","         ..."
"1","       ..."
"1","         ..."
"1","       ..."
"1","                   ..."
"1","
cg12343777"
"1","          NA"
"1","        NA"
"1","          NA"
"1","        NA"
"1","          NA"
"1","        NA"
"1","                      "
"1","
cg15799267"
"1","          NA"
"1","        NA"
"1","          NA"
"1","        NA"
"1","          NA"
"1","        NA"
"1","                      "
"1","
cg18308285"
"1"," rs145035264"
"1","  0.011286"
"1","          NA"
"1","        NA"
"1","          NA"
"1","        NA"
"1","                      "
"1","
cg22256433"
"1","  rs78230493"
"1","  0.033449"
"1","          NA"
"1","        NA"
"1","          NA"
"1","        NA"
"1","                      "
"1","
cg13852234"
"1","   rs1132934"
"1","  0.179909"
"1","          NA"
"1","        NA"
"1","          NA"
"1","        NA"
"1","                      "
"1","
"
"1","          "
"1"," Relation_to_Island"
"1","       Forward_Sequence"
"1","              SourceSeq"
"1"," Random_Loci"
"1"," Methyl27_Loci"
"1","
          "
"1","        <character>"
"1","            <character>"
"1","            <character>"
"1"," <character>"
"1","   <character>"
"1","
cg12786765"
"1","            OpenSea"
"1"," TTGTTAAACTCAATTTGGGT.."
"1"," AGGCTCATGCCATCATGCCC.."
"1","            "
"1","              "
"1","
cg05715138"
"1","            OpenSea"
"1"," CCACGAAGGGGTCAGCTTGT.."
"1"," CGCTTAGATGGCCACACTGT.."
"1","            "
"1","              "
"1","
cg05397535"
"1","            OpenSea"
"1"," GCCCGATTTCAGTGATCTCT.."
"1"," CGTGGCTGTGAAAGACGACC.."
"1","            "
"1","              "
"1","
cg23873735"
"1","            N_Shelf"
"1"," CAGAGATAGTGGCAGGCAAG.."
"1"," CGACGGCAGGCACCTCATGG.."
"1","            "
"1","              "
"1","
cg11609940"
"1","            N_Shore"
"1"," CATTTGACCTTGTTTCTATC.."
"1"," GTCCTGAGGGACCCTGGAGA.."
"1","            "
"1","              "
"1","
...       "
"1","                ..."
"1","                    ..."
"1","                    ..."
"1","         ..."
"1","           ..."
"1","
cg12343777"
"1","            OpenSea"
"1"," CCCCCACTTTAGTTGCGTGT.."
"1"," CTGGTTATTGCCACTGACTC.."
"1","            "
"1","          TRUE"
"1","
cg15799267"
"1","            OpenSea"
"1"," CTTTTTAGAGGAGTCCACTG.."
"1"," CGCCTGGTTATTGCCCCTGG.."
"1","            "
"1","          TRUE"
"1","
cg18308285"
"1","            OpenSea"
"1"," CAGGGTGTCCACCGGAGAAG.."
"1"," CGGAGAAGCCTTCGGGGCTG.."
"1","            "
"1","              "
"1","
cg22256433"
"1","            OpenSea"
"1"," GCATACTTAACCTCCCCTCA.."
"1"," AGCAGGGGCAGCACTGGGGG.."
"1","            "
"1","              "
"1","
cg13852234"
"1","            OpenSea"
"1"," CCAAGCCTCAAAGTGCCCGC.."
"1"," TAGTGGGCCCTGGGGCGGGA.."
"1","            "
"1","              "
"1","
"
"1","          "
"1","      UCSC_RefGene_Name"
"1"," UCSC_RefGene_Accession"
"1","     UCSC_RefGene_Group"
"1","     Phantom"
"1","
          "
"1","            <character>"
"1","            <character>"
"1","            <character>"
"1"," <character>"
"1","
cg12786765"
"1","                 ALOX15"
"1","              NM_001140"
"1","                  3'UTR"
"1","            "
"1","
cg05715138"
"1","                 ALOX15"
"1","              NM_001140"
"1","                  3'UTR"
"1","            "
"1","
cg05397535"
"1","                 ALOX15"
"1","              NM_001140"
"1","                   Body"
"1","            "
"1","
cg23873735"
"1","                 ALOX15"
"1","              NM_001140"
"1","                   Body"
"1","            "
"1","
cg11609940"
"1","                 ALOX15"
"1","              NM_001140"
"1","                   Body"
"1","            "
"1","
...       "
"1","                    ..."
"1","                    ..."
"1","                    ..."
"1","         ..."
"1","
cg12343777"
"1"," ALOX15B;ALOX15B;ALOX.."
"1"," NM_001039131;NM_0010.."
"1","   TSS200;TSS200;TSS200"
"1","            "
"1","
cg15799267"
"1"," ALOX15B;ALOX15B;ALOX.."
"1"," NM_001141;NM_0010391.."
"1"," 5'UTR;5'UTR;1stExon;.."
"1","            "
"1","
cg18308285"
"1"," ALOX15B;ALOX15B;ALOX.."
"1"," NM_001039131;NM_0011.."
"1"," 1stExon;1stExon;1stE.."
"1","            "
"1","
cg22256433"
"1"," ALOX15B;ALOX15B;ALOX.."
"1"," NM_001039131;NM_0011.."
"1","         Body;Body;Body"
"1","            "
"1","
cg13852234"
"1"," ALOX15B;ALOX15B;ALOX.."
"1"," NM_001039130;NM_0011.."
"1","      3'UTR;3'UTR;3'UTR"
"1","            "
"1","
"
"1","          "
"1","         DMR"
"1","    Enhancer"
"1","         HMM_Island"
"1"," Regulatory_Feature_Name"
"1"," Regulatory_Feature_Group"
"1","
          "
"1"," <character>"
"1"," <character>"
"1","        <character>"
"1","             <character>"
"1","              <character>"
"1","
cg12786765"
"1","            "
"1","            "
"1","                   "
"1","                        "
"1","                         "
"1","
cg05715138"
"1","            "
"1","            "
"1","                   "
"1","                        "
"1","                         "
"1","
cg05397535"
"1","            "
"1","        TRUE"
"1","                   "
"1","                        "
"1","                         "
"1","
cg23873735"
"1","            "
"1","            "
"1","                   "
"1","                        "
"1","                         "
"1","
cg11609940"
"1","            "
"1","            "
"1","                   "
"1","                        "
"1","                         "
"1","
...       "
"1","         ..."
"1","         ..."
"1","                ..."
"1","                     ..."
"1","                      ..."
"1","
cg12343777"
"1","            "
"1","        TRUE"
"1"," 17:7883038-7883486"
"1","                        "
"1","                         "
"1","
cg15799267"
"1","            "
"1","        TRUE"
"1"," 17:7883038-7883486"
"1","                        "
"1","                         "
"1","
cg18308285"
"1","            "
"1","        TRUE"
"1"," 17:7883038-7883486"
"1","      17:7942442-7942755"
"1","   Unclassified_Cell_ty.."
"1","
cg22256433"
"1","            "
"1","        TRUE"
"1"," 17:7883038-7883486"
"1","      17:7942442-7942755"
"1","   Unclassified_Cell_ty.."
"1","
cg13852234"
"1","            "
"1","            "
"1","                   "
"1","                        "
"1","                         "
"1","
"
"1","          "
"1","         DHS"
"1","
          "
"1"," <character>"
"1","
cg12786765"
"1","            "
"1","
cg05715138"
"1","            "
"1","
cg05397535"
"1","            "
"1","
cg23873735"
"1","            "
"1","
cg11609940"
"1","            "
"1","
...       "
"1","         ..."
"1","
cg12343777"
"1","            "
"1","
cg15799267"
"1","            "
"1","
cg18308285"
"1","            "
"1","
cg22256433"
"1","            "
"1","
cg13852234"
"1","            "
"1","
"
"0","probe_of_interest <- ""cg12786765"""
"0",""
"0","plot_df <- data.frame("
"0","Sample = colnames(betavalues),"
"0","Methylation = betavalues[probe_of_interest, ],"
"0","Group = full_targets_meth$characteristics_ch1.1"
"0",")"
"0","plot_df$Group <- ifelse(plot_df$Group == ""asthma: TRUE"", ""Asthma"", ""Control"")"
"0","ggplot(plot_df, aes(x = Group, y = Methylation, fill = Group)) +"
"0","geom_boxplot() +"
"0","geom_jitter(width = 0.1) + # Adds the individual data points"
"0","ggtitle(paste(""Methylation for"", probe_of_interest, ""(ALOX15)"")) +"
"0","theme_minimal()"
